Full_Path, IsValid,X,Y,ROI,Colour_group,N_in_clust,Area,Radius,Hue,Saturation,Rmean,Gmean,Bmean,Rsd,Gsd,Bsd, Comment
"C:\Users\user\Desktop\210806\P14\DH5a_P14(3)_G.png", 1,1157,363,1,0,2,276,10,86,255,52.6486,95.6051,0,18.5853,32.8907,1, "2021-08-06 [오후 1:29:55]: no comment"
"C:\Users\user\Desktop\210806\P14\DH5a_P14(3)_G.png", 1,1173,361.5,1,0,2,263,10,88,255,54.3574,98.673,0,18.9804,33.5164,1, "2021-08-06 [오후 1:29:55]: no comment"
"C:\Users\user\Desktop\210806\P14\DH5a_P14(3)_G.png", 1,6,330,1,0,3,88,6,90,255,7.43182,13.9318,0,1.61783,1.97463,1, "2021-08-06 [오후 1:29:55]: no comment"
"C:\Users\user\Desktop\210806\P14\DH5a_P14(3)_G.png", 1,189.75,118.25,1,0,2,179,8,86,255,19.8045,36.095,0,3.59367,5.69838,1, "2021-08-06 [오후 1:29:55]: no comment"
"C:\Users\user\Desktop\210806\P14\DH5a_P14(3)_G.png", 1,200.09,109.008,1,0,2,199,9,86,255,19.5126,35.6332,0,3.69349,5.85789,1, "2021-08-06 [오후 1:29:55]: no comment"
"C:\Users\user\Desktop\210806\P14\DH5a_P14(3)_G.png", 1,347.25,9.25,1,0,5,51,5,88,255,8.01961,14.8627,0,1.3125,1.62684,1, "2021-08-06 [오후 1:29:55]: no comment"
"C:\Users\user\Desktop\210806\P14\DH5a_P14(3)_G.png", 1,355,5,1,0,5,88,7,88,255,8.20455,15.1932,0,1.56727,2.15658,1, "2021-08-06 [오후 1:29:55]: no comment"
"C:\Users\user\Desktop\210806\P14\DH5a_P14(3)_G.png", 1,1171.75,1751.25,1,0,1,215,9,88,255,47.4186,86.0977,0,16.8649,29.644,1, "2021-08-06 [오후 1:29:55]: no comment"
"C:\Users\user\Desktop\210806\P14\DH5a_P14(3)_G.png", 1,1286.5,1707.5,1,0,1,234,9,86,255,62.5769,113.577,0,23.5683,41.8103,1, "2021-08-06 [오후 1:29:55]: no comment"
"C:\Users\user\Desktop\210806\P14\DH5a_P14(3)_G.png", 1,641.5,1678,1,0,1,320,11,88,255,63.1625,114.697,0,25.3825,45.1121,1, "2021-08-06 [오후 1:29:55]: no comment"
"C:\Users\user\Desktop\210806\P14\DH5a_P14(3)_G.png", 1,458,1671.5,1,0,1,371,11,86,255,84.0539,152.388,0,35.2484,62.8714,1, "2021-08-06 [오후 1:29:55]: no comment"
"C:\Users\user\Desktop\210806\P14\DH5a_P14(3)_G.png", 1,584.5,1666.5,1,0,1,155,7,88,255,35.4258,64.5677,0,10.5289,18.2444,1, "2021-08-06 [오후 1:29:55]: no comment"
"C:\Users\user\Desktop\210806\P14\DH5a_P14(3)_G.png", 1,1020.5,1564.5,1,0,1,302,10,88,255,55.4669,100.675,0,21.364,37.852,1, "2021-08-06 [오후 1:29:55]: no comment"
"C:\Users\user\Desktop\210806\P14\DH5a_P14(3)_G.png", 1,1111.5,1515.5,1,0,1,533,13,88,255,75.469,136.88,0,33.4961,59.7605,1, "2021-08-06 [오후 1:29:55]: no comment"
"C:\Users\user\Desktop\210806\P14\DH5a_P14(3)_G.png", 1,601.75,1283.25,1,0,1,284,10,88,255,59.412,107.842,0,22.6472,40.1164,1, "2021-08-06 [오후 1:29:55]: no comment"
"C:\Users\user\Desktop\210806\P14\DH5a_P14(3)_G.png", 1,618,1272.5,1,0,1,189,8,88,255,46.4127,84.3016,0,15.2598,26.7944,1, "2021-08-06 [오후 1:29:55]: no comment"
"C:\Users\user\Desktop\210806\P14\DH5a_P14(3)_G.png", 1,1209.5,1252.5,1,0,1,397,11,86,255,66.8841,121.312,0,27.3306,48.5517,1, "2021-08-06 [오후 1:29:55]: no comment"
"C:\Users\user\Desktop\210806\P14\DH5a_P14(3)_G.png", 1,1279.5,1244.5,1,0,1,167,7,86,255,32.6228,59.3772,0,7.34027,12.4503,1, "2021-08-06 [오후 1:29:55]: no comment"
"C:\Users\user\Desktop\210806\P14\DH5a_P14(3)_G.png", 1,1436,1242.5,1,0,1,89,6,86,255,24.5955,44.8764,0,1.81722,2.56378,1, "2021-08-06 [오후 1:29:55]: no comment"
"C:\Users\user\Desktop\210806\P14\DH5a_P14(3)_G.png", 1,1236.9,1247.2,1,0,1,420,12,86,255,76.8262,139.331,0,32.0684,57.2085,1, "2021-08-06 [오후 1:29:55]: no comment"
"C:\Users\user\Desktop\210806\P14\DH5a_P14(3)_G.png", 1,703.5,1216.5,1,0,1,320,10,86,255,65.0375,118.063,0,26.6768,47.4653,1, "2021-08-06 [오후 1:29:55]: no comment"
"C:\Users\user\Desktop\210806\P14\DH5a_P14(3)_G.png", 1,1521,1191,1,0,1,336,11,88,255,77.3542,140.274,0,32.9193,58.6771,1, "2021-08-06 [오후 1:29:55]: no comment"
"C:\Users\user\Desktop\210806\P14\DH5a_P14(3)_G.png", 1,1526,1128,1,0,1,222,9,86,255,54.2387,98.4414,0,20.7792,36.781,1, "2021-08-06 [오후 1:29:55]: no comment"
"C:\Users\user\Desktop\210806\P14\DH5a_P14(3)_G.png", 1,888.5,1112.5,1,0,1,416,12,86,255,63.8101,115.762,0,26.2112,46.6426,1, "2021-08-06 [오후 1:29:55]: no comment"
"C:\Users\user\Desktop\210806\P14\DH5a_P14(3)_G.png", 1,760,1097.5,1,0,1,239,9,88,255,45.3849,82.523,0,15.3417,26.9491,1, "2021-08-06 [오후 1:29:55]: no comment"
"C:\Users\user\Desktop\210806\P14\DH5a_P14(3)_G.png", 1,249,1093.5,1,0,1,416,12,88,255,25.0481,45.726,0,2.37896,3.47135,1, "2021-08-06 [오후 1:29:55]: no comment"
"C:\Users\user\Desktop\210806\P14\DH5a_P14(3)_G.png", 1,831.75,1086.75,1,0,1,593,14,86,255,81.5363,147.868,0,34.8471,62.1225,1, "2021-08-06 [오후 1:29:55]: no comment"
"C:\Users\user\Desktop\210806\P14\DH5a_P14(3)_G.png", 1,1316.7,978.6,1,0,1,370,11,88,255,66.9757,121.551,0,27.736,49.2995,1, "2021-08-06 [오후 1:29:55]: no comment"
"C:\Users\user\Desktop\210806\P14\DH5a_P14(3)_G.png", 1,635.1,902.8,1,0,1,219,9,86,255,28.5708,52.032,0,5.49437,9.11076,1, "2021-08-06 [오후 1:29:55]: no comment"
"C:\Users\user\Desktop\210806\P14\DH5a_P14(3)_G.png", 1,926.5,854,1,0,1,327,11,88,255,52.2783,94.9388,0,19.6688,34.7728,1, "2021-08-06 [오후 1:29:55]: no comment"
"C:\Users\user\Desktop\210806\P14\DH5a_P14(3)_G.png", 1,1032.35,839.95,1,0,1,349,11,86,255,60.7077,110.146,0,24.2714,43.1183,1, "2021-08-06 [오후 1:29:55]: no comment"
"C:\Users\user\Desktop\210806\P14\DH5a_P14(3)_G.png", 1,610,816,1,0,1,182,8,86,255,38.7088,70.4286,0,12.0273,20.9296,1, "2021-08-06 [오후 1:29:55]: no comment"
"C:\Users\user\Desktop\210806\P14\DH5a_P14(3)_G.png", 1,1076.43,815.341,1,0,1,428,12,86,255,72.7126,131.879,0,31.9253,56.9628,1, "2021-08-06 [오후 1:29:55]: no comment"
"C:\Users\user\Desktop\210806\P14\DH5a_P14(3)_G.png", 1,668.5,814.5,1,0,1,380,11,86,255,87.5605,158.682,0,36.0442,64.3565,1, "2021-08-06 [오후 1:29:55]: no comment"
"C:\Users\user\Desktop\210806\P14\DH5a_P14(3)_G.png", 1,1310,803.5,1,0,1,520,13,86,255,89.5231,162.24,0,37.1084,66.2057,1, "2021-08-06 [오후 1:29:55]: no comment"
"C:\Users\user\Desktop\210806\P14\DH5a_P14(3)_G.png", 1,723.5,777.5,1,0,1,469,13,88,255,79.4243,144.066,0,34.4869,61.4724,1, "2021-08-06 [오후 1:29:55]: no comment"
"C:\Users\user\Desktop\210806\P14\DH5a_P14(3)_G.png", 1,1169.5,733.5,1,0,1,392,11,88,255,64.4694,117.003,0,26.3101,46.7215,1, "2021-08-06 [오후 1:29:55]: no comment"
"C:\Users\user\Desktop\210806\P14\DH5a_P14(3)_G.png", 1,1064.8,665.6,1,0,1,256,9,86,255,39.6797,72.1797,0,12.6786,22.1265,1, "2021-08-06 [오후 1:29:55]: no comment"
"C:\Users\user\Desktop\210806\P14\DH5a_P14(3)_G.png", 1,747.75,658.25,1,0,1,450,12,86,255,69.8756,126.789,0,30.0894,53.5915,1, "2021-08-06 [오후 1:29:55]: no comment"
"C:\Users\user\Desktop\210806\P14\DH5a_P14(3)_G.png", 1,902,647,1,0,1,232,9,88,255,45.3103,82.4612,0,15.2919,26.8825,1, "2021-08-06 [오후 1:29:55]: no comment"
"C:\Users\user\Desktop\210806\P14\DH5a_P14(3)_G.png", 1,429.4,651.7,1,0,1,426,12,86,255,66.5305,120.69,0,28.3908,50.5721,1, "2021-08-06 [오후 1:29:55]: no comment"
"C:\Users\user\Desktop\210806\P14\DH5a_P14(3)_G.png", 1,982.654,574.231,1,0,1,591,15,86,255,56.9915,103.462,0,23.0542,40.8666,1, "2021-08-06 [오후 1:29:55]: no comment"
"C:\Users\user\Desktop\210806\P14\DH5a_P14(3)_G.png", 1,1680,544,1,0,1,135,7,88,255,39.437,71.7333,0,12.3422,21.5921,1, "2021-08-06 [오후 1:29:55]: no comment"
"C:\Users\user\Desktop\210806\P14\DH5a_P14(3)_G.png", 1,838.5,539.5,1,0,1,376,11,86,255,58.8457,106.801,0,23.664,42.0189,1, "2021-08-06 [오후 1:29:55]: no comment"
"C:\Users\user\Desktop\210806\P14\DH5a_P14(3)_G.png", 1,1185,506.5,1,0,1,353,11,86,255,51.864,94.2351,0,20.0593,35.4641,1, "2021-08-06 [오후 1:29:55]: no comment"
"C:\Users\user\Desktop\210806\P14\DH5a_P14(3)_G.png", 1,737,486.5,1,0,1,102,6,86,255,51.6471,93.7451,0,21.2686,37.6049,1, "2021-08-06 [오후 1:29:55]: no comment"
"C:\Users\user\Desktop\210806\P14\DH5a_P14(3)_G.png", 1,914,373.5,1,0,1,288,10,88,255,47.3438,85.9792,0,16.8053,29.5884,1, "2021-08-06 [오후 1:29:55]: no comment"
"C:\Users\user\Desktop\210806\P14\DH5a_P14(3)_G.png", 1,1245,346,1,0,1,365,12,86,255,63.0767,114.466,0,25.9653,46.1934,1, "2021-08-06 [오후 1:29:55]: no comment"
"C:\Users\user\Desktop\210806\P14\DH5a_P14(3)_G.png", 1,1196,332.5,1,0,1,89,6,88,255,28.9663,52.809,0,6.4843,10.8948,1, "2021-08-06 [오후 1:29:55]: no comment"
"C:\Users\user\Desktop\210806\P14\DH5a_P14(3)_G.png", 1,973.9,325.8,1,0,1,114,6,88,255,22.9298,41.8772,0,2.41247,3.51361,1, "2021-08-06 [오후 1:29:55]: no comment"
"C:\Users\user\Desktop\210806\P14\DH5a_P14(3)_G.png", 1,380.5,266,1,0,1,543,14,86,255,71.5414,129.816,0,32.0349,57.1049,1, "2021-08-06 [오후 1:29:55]: no comment"
"C:\Users\user\Desktop\210806\P14\DH5a_P14(3)_G.png", 1,1590.5,229,1,0,1,52,5,86,255,20.6154,37.4808,0,1.94368,2.53786,1, "2021-08-06 [오후 1:29:55]: no comment"
"C:\Users\user\Desktop\210806\P14\DH5a_P14(3)_G.png", 1,709.25,226.75,1,0,1,355,11,86,255,56.7042,102.975,0,22.3749,39.6474,1, "2021-08-06 [오후 1:29:55]: no comment"
"C:\Users\user\Desktop\210806\P14\DH5a_P14(3)_G.png", 1,1290,215,1,0,1,224,9,86,255,42.8973,78.0045,0,14.5585,25.4618,1, "2021-08-06 [오후 1:29:55]: no comment"
"C:\Users\user\Desktop\210806\P14\DH5a_P14(3)_G.png", 1,952,203,1,0,1,161,8,88,255,23.3665,42.7205,0,2.56312,3.82009,1, "2021-08-06 [오후 1:29:55]: no comment"
"C:\Users\user\Desktop\210806\P14\DH5a_P14(3)_G.png", 1,638.25,154.75,1,0,1,317,10,86,255,57.7192,104.792,0,21.7049,38.4134,1, "2021-08-06 [오후 1:29:55]: no comment"
"C:\Users\user\Desktop\210806\P14\DH5a_P14(3)_G.png", 1,613.6,123.3,1,0,1,184,8,86,255,20.7391,37.7663,0,1.7051,2.24445,1, "2021-08-06 [오후 1:29:55]: no comment"
"C:\Users\user\Desktop\210806\P14\DH5a_P14(3)_G.png", 1,1332,40,1,0,1,31,5,86,255,21.5806,39.3226,0,2.5403,3.69273,1, "2021-08-06 [오후 1:29:55]: no comment"
"C:\Users\user\Desktop\210806\P14\DH5a_P14(3)_R.png", 1,602,1283,1,0,2,303,11,8,255,67.4191,9.89439,0,25.8553,4.80577,1, "2021-08-06 [오후 1:29:57]: no comment"
"C:\Users\user\Desktop\210806\P14\DH5a_P14(3)_R.png", 1,617.5,1272,1,0,2,206,9,10,255,52.6214,7.6165,0,18.63,3.69006,1, "2021-08-06 [오후 1:29:57]: no comment"
"C:\Users\user\Desktop\210806\P14\DH5a_P14(3)_R.png", 1,1157.5,363,1,0,3,290,11,8,255,61.4138,8.97931,0,23.9192,4.51051,1, "2021-08-06 [오후 1:29:57]: no comment"
"C:\Users\user\Desktop\210806\P14\DH5a_P14(3)_R.png", 1,1170.5,1752.5,1,0,1,248,9,8,255,50.3589,7.29435,0,19.3665,3.78787,1, "2021-08-06 [오후 1:29:57]: no comment"
"C:\Users\user\Desktop\210806\P14\DH5a_P14(3)_R.png", 1,1287,1708.5,1,0,1,271,9,10,255,66.4982,9.71587,0,27.0919,4.98295,1, "2021-08-06 [오후 1:29:57]: no comment"
"C:\Users\user\Desktop\210806\P14\DH5a_P14(3)_R.png", 1,641,1678,1,0,1,348,11,8,255,68.7213,10.1034,0,28.7817,5.24747,1, "2021-08-06 [오후 1:29:57]: no comment"
"C:\Users\user\Desktop\210806\P14\DH5a_P14(3)_R.png", 1,458.75,1671.75,1,0,1,415,12,8,255,90.2265,13.4,0,40.563,7.05031,1, "2021-08-06 [오후 1:29:57]: no comment"
"C:\Users\user\Desktop\210806\P14\DH5a_P14(3)_R.png", 1,585.5,1666.5,1,0,1,180,8,10,255,39.2889,5.6,0,13.2395,2.88149,1, "2021-08-06 [오후 1:29:57]: no comment"
"C:\Users\user\Desktop\210806\P14\DH5a_P14(3)_R.png", 1,1020.46,1564.19,1,0,1,334,11,8,255,62.5359,9.19461,0,26.4465,4.89163,1, "2021-08-06 [오후 1:29:57]: no comment"
"C:\Users\user\Desktop\210806\P14\DH5a_P14(3)_R.png", 1,1112,1515.5,1,0,1,599,14,8,255,81.5225,12.0634,0,37.7177,6.61235,1, "2021-08-06 [오후 1:29:57]: no comment"
"C:\Users\user\Desktop\210806\P14\DH5a_P14(3)_R.png", 1,1209,1252.5,1,0,1,435,12,8,255,74.3494,10.9632,0,31.7775,5.71374,1, "2021-08-06 [오후 1:29:57]: no comment"
"C:\Users\user\Desktop\210806\P14\DH5a_P14(3)_R.png", 1,1279.5,1245.5,1,0,1,224,9,8,255,49.0179,7.03571,0,18.049,3.60298,1, "2021-08-06 [오후 1:29:57]: no comment"
"C:\Users\user\Desktop\210806\P14\DH5a_P14(3)_R.png", 1,1236.5,1248,1,0,1,451,12,10,255,85.0067,12.5876,0,35.7949,6.33018,1, "2021-08-06 [오후 1:29:57]: no comment"
"C:\Users\user\Desktop\210806\P14\DH5a_P14(3)_R.png", 1,1435.5,1243,1,0,1,273,10,8,255,60.9341,8.9304,0,23.5404,4.43633,1, "2021-08-06 [오후 1:29:57]: no comment"
"C:\Users\user\Desktop\210806\P14\DH5a_P14(3)_R.png", 1,703.5,1217,1,0,1,362,11,10,255,72.2238,10.6133,0,32.068,5.73317,1, "2021-08-06 [오후 1:29:57]: no comment"
"C:\Users\user\Desktop\210806\P14\DH5a_P14(3)_R.png", 1,1520.5,1191.5,1,0,1,372,11,8,255,84.0081,12.4462,0,37.8048,6.64637,1, "2021-08-06 [오후 1:29:57]: no comment"
"C:\Users\user\Desktop\210806\P14\DH5a_P14(3)_R.png", 1,1526,1128,1,0,1,234,9,8,255,61.5,9.02137,0,24.9742,4.69736,1, "2021-08-06 [오후 1:29:57]: no comment"
"C:\Users\user\Desktop\210806\P14\DH5a_P14(3)_R.png", 1,888.524,1112.78,1,0,1,468,12,10,255,72.5812,10.6966,0,32.4071,5.81072,1, "2021-08-06 [오후 1:29:57]: no comment"
"C:\Users\user\Desktop\210806\P14\DH5a_P14(3)_R.png", 1,760,1097.5,1,0,1,271,10,8,255,51.3764,7.44649,0,20.5753,3.99383,1, "2021-08-06 [오후 1:29:57]: no comment"
"C:\Users\user\Desktop\210806\P14\DH5a_P14(3)_R.png", 1,250,1094,1,0,1,746,17,8,255,66.7547,9.79893,0,29.3538,5.35672,1, "2021-08-06 [오후 1:29:57]: no comment"
"C:\Users\user\Desktop\210806\P14\DH5a_P14(3)_R.png", 1,831.25,1086.75,1,0,1,655,15,10,255,91.7985,13.6214,0,42.792,7.37937,1, "2021-08-06 [오후 1:29:57]: no comment"
"C:\Users\user\Desktop\210806\P14\DH5a_P14(3)_R.png", 1,1317,979,1,0,1,411,12,8,255,74.4891,10.9562,0,32.9623,5.88585,1, "2021-08-06 [오후 1:29:57]: no comment"
"C:\Users\user\Desktop\210806\P14\DH5a_P14(3)_R.png", 1,186.5,950,1,0,1,429,13,8,255,82.366,12.1562,0,38.2205,6.68697,1, "2021-08-06 [오후 1:29:57]: no comment"
"C:\Users\user\Desktop\210806\P14\DH5a_P14(3)_R.png", 1,633.5,902.5,1,0,1,302,10,8,255,47.6987,6.89735,0,17.3466,3.48826,1, "2021-08-06 [오후 1:29:57]: no comment"
"C:\Users\user\Desktop\210806\P14\DH5a_P14(3)_R.png", 1,927.1,854.7,1,0,1,379,11,8,255,59.7625,8.72296,0,25.2826,4.72183,1, "2021-08-06 [오후 1:29:57]: no comment"
"C:\Users\user\Desktop\210806\P14\DH5a_P14(3)_R.png", 1,1033,840.5,1,0,1,402,12,10,255,73.4726,10.8284,0,32.6745,5.84618,1, "2021-08-06 [오후 1:29:57]: no comment"
"C:\Users\user\Desktop\210806\P14\DH5a_P14(3)_R.png", 1,610,815.5,1,0,1,173,8,10,255,45.9075,6.64162,0,15.0952,3.14743,1, "2021-08-06 [오후 1:29:57]: no comment"
"C:\Users\user\Desktop\210806\P14\DH5a_P14(3)_R.png", 1,668,815,1,0,1,421,12,8,255,83.9169,12.3967,0,37.0357,6.49903,1, "2021-08-06 [오후 1:29:57]: no comment"
"C:\Users\user\Desktop\210806\P14\DH5a_P14(3)_R.png", 1,1077.65,816.05,1,0,1,477,13,8,255,80.914,11.9665,0,36.5043,6.44565,1, "2021-08-06 [오후 1:29:57]: no comment"
"C:\Users\user\Desktop\210806\P14\DH5a_P14(3)_R.png", 1,1310,804,1,0,1,572,14,10,255,105.778,15.7465,0,51.3969,8.71841,1, "2021-08-06 [오후 1:29:57]: no comment"
"C:\Users\user\Desktop\210806\P14\DH5a_P14(3)_R.png", 1,723.5,777,1,0,1,535,14,8,255,87.3832,12.9533,0,41.566,7.21692,1, "2021-08-06 [오후 1:29:57]: no comment"
"C:\Users\user\Desktop\210806\P14\DH5a_P14(3)_R.png", 1,1169.76,733.941,1,0,1,445,12,10,255,71.8944,10.5753,0,30.8054,5.55842,1, "2021-08-06 [오후 1:29:57]: no comment"
"C:\Users\user\Desktop\210806\P14\DH5a_P14(3)_R.png", 1,1064.75,666.25,1,0,1,293,10,10,255,46.2253,6.65529,0,17.4467,3.50064,1, "2021-08-06 [오후 1:29:57]: no comment"
"C:\Users\user\Desktop\210806\P14\DH5a_P14(3)_R.png", 1,747.65,658.45,1,0,1,508,13,10,255,78.5591,11.6024,0,36.4025,6.40991,1, "2021-08-06 [오후 1:29:57]: no comment"
"C:\Users\user\Desktop\210806\P14\DH5a_P14(3)_R.png", 1,902.412,647.147,1,0,1,273,10,10,255,51.6777,7.50183,0,20.5944,4.0032,1, "2021-08-06 [오후 1:29:57]: no comment"
"C:\Users\user\Desktop\210806\P14\DH5a_P14(3)_R.png", 1,429.6,651.8,1,0,1,475,13,8,255,75.7368,11.1516,0,34.2922,6.07566,1, "2021-08-06 [오후 1:29:57]: no comment"
"C:\Users\user\Desktop\210806\P14\DH5a_P14(3)_R.png", 1,982.9,574.3,1,0,1,672,15,8,255,103.871,15.4732,0,51.3903,8.69001,1, "2021-08-06 [오후 1:29:57]: no comment"
"C:\Users\user\Desktop\210806\P14\DH5a_P14(3)_R.png", 1,1680.25,543.75,1,0,1,143,7,8,255,43.2517,6.18182,0,15.4573,3.23962,1, "2021-08-06 [오후 1:29:57]: no comment"
"C:\Users\user\Desktop\210806\P14\DH5a_P14(3)_R.png", 1,838,539,1,0,1,417,12,8,255,68.0408,9.97602,0,30.0675,5.43221,1, "2021-08-06 [오후 1:29:57]: no comment"
"C:\Users\user\Desktop\210806\P14\DH5a_P14(3)_R.png", 1,1184,507,1,0,1,384,11,8,255,60.7708,8.89063,0,24.7233,4.63913,1, "2021-08-06 [오후 1:29:57]: no comment"
"C:\Users\user\Desktop\210806\P14\DH5a_P14(3)_R.png", 1,737,486,1,0,1,104,6,8,255,56.7019,8.25962,0,26.198,4.84306,1, "2021-08-06 [오후 1:29:57]: no comment"
"C:\Users\user\Desktop\210806\P14\DH5a_P14(3)_R.png", 1,914.25,374.75,1,0,1,309,10,8,255,58.1294,8.48867,0,22.2127,4.24571,1, "2021-08-06 [오후 1:29:57]: no comment"
"C:\Users\user\Desktop\210806\P14\DH5a_P14(3)_R.png", 1,1244.5,346.5,1,0,1,405,12,8,255,71.3358,10.4988,0,30.7918,5.56158,1, "2021-08-06 [오후 1:29:57]: no comment"
"C:\Users\user\Desktop\210806\P14\DH5a_P14(3)_R.png", 1,1195.83,333.135,1,0,1,124,7,8,255,31.8226,4.44355,0,8.8802,2.22673,1, "2021-08-06 [오후 1:29:57]: no comment"
"C:\Users\user\Desktop\210806\P14\DH5a_P14(3)_R.png", 1,974.384,325.923,1,0,1,235,9,8,255,42.4979,6.10213,0,14.9691,3.11735,1, "2021-08-06 [오후 1:29:57]: no comment"
"C:\Users\user\Desktop\210806\P14\DH5a_P14(3)_R.png", 1,380.5,265.5,1,0,1,605,14,8,255,82.1537,12.1355,0,37.9118,6.63825,1, "2021-08-06 [오후 1:29:57]: no comment"
"C:\Users\user\Desktop\210806\P14\DH5a_P14(3)_R.png", 1,708,227,1,0,1,372,12,8,255,67.586,9.91935,0,27.9168,5.12297,1, "2021-08-06 [오후 1:29:57]: no comment"
"C:\Users\user\Desktop\210806\P14\DH5a_P14(3)_R.png", 1,1290.5,215.5,1,0,1,250,9,8,255,54.56,7.896,0,22.0095,4.22695,1, "2021-08-06 [오후 1:29:57]: no comment"
"C:\Users\user\Desktop\210806\P14\DH5a_P14(3)_R.png", 1,952.5,203.5,1,0,1,276,10,8,255,44.2862,6.38768,0,15.9031,3.26146,1, "2021-08-06 [오후 1:29:57]: no comment"
"C:\Users\user\Desktop\210806\P14\DH5a_P14(3)_R.png", 1,638.1,154.8,1,0,1,367,11,8,255,69.0599,10.1526,0,29.0754,5.27701,1, "2021-08-06 [오후 1:29:57]: no comment"
"C:\Users\user\Desktop\210806\P14\DH5a_P14(3)_R.png", 1,613.077,123.885,1,0,1,348,11,8,255,50.7672,7.38218,0,20.0314,3.89081,1, "2021-08-06 [오후 1:29:57]: no comment"
"C:\Users\user\Desktop\210806\P14\DH5a_P14(4)_G.png", 1,1476,1769.5,1,0,4,89,6,88,255,8.08989,14.9213,0,1.84322,2.50075,1, "2021-08-06 [오후 1:29:58]: no comment"
"C:\Users\user\Desktop\210806\P14\DH5a_P14(4)_G.png", 1,7.5,1546,1,0,3,169,8,88,255,8.05325,15,0,2.06176,2.83651,1, "2021-08-06 [오후 1:29:58]: no comment"
"C:\Users\user\Desktop\210806\P14\DH5a_P14(4)_G.png", 1,12.5,323,1,0,4,95,6,90,255,7.25263,13.6947,0,1.57981,1.95227,1, "2021-08-06 [오후 1:29:58]: no comment"
"C:\Users\user\Desktop\210806\P14\DH5a_P14(4)_G.png", 1,1251.5,1737.5,1,0,1,220,9,86,255,49.7409,90.3864,0,17.5046,30.8437,1, "2021-08-06 [오후 1:29:58]: no comment"
"C:\Users\user\Desktop\210806\P14\DH5a_P14(4)_G.png", 1,878.5,1602.5,1,0,1,255,9,86,255,48.6392,88.4157,0,16.8961,29.7699,1, "2021-08-06 [오후 1:29:58]: no comment"
"C:\Users\user\Desktop\210806\P14\DH5a_P14(4)_G.png", 1,1512,1404.5,1,0,1,365,11,88,255,73.2959,132.964,0,30.7653,54.8727,1, "2021-08-06 [오후 1:29:58]: no comment"
"C:\Users\user\Desktop\210806\P14\DH5a_P14(4)_G.png", 1,638.2,1382.1,1,0,1,381,11,88,255,63.084,114.517,0,24.9965,44.3788,1, "2021-08-06 [오후 1:29:58]: no comment"
"C:\Users\user\Desktop\210806\P14\DH5a_P14(4)_G.png", 1,950,1378.5,1,0,1,371,11,86,255,66.7008,121.003,0,26.4364,47.025,1, "2021-08-06 [오후 1:29:58]: no comment"
"C:\Users\user\Desktop\210806\P14\DH5a_P14(4)_G.png", 1,378,1361.5,1,0,1,417,12,88,255,70.3789,127.662,0,29.2334,52.0485,1, "2021-08-06 [오후 1:29:58]: no comment"
"C:\Users\user\Desktop\210806\P14\DH5a_P14(4)_G.png", 1,919,1341.5,1,0,1,269,10,88,255,48.2602,87.7063,0,15.9862,28.1466,1, "2021-08-06 [오후 1:29:58]: no comment"
"C:\Users\user\Desktop\210806\P14\DH5a_P14(4)_G.png", 1,568,1335.5,1,0,1,161,7,86,255,34.7888,63.3106,0,9.72664,16.7339,1, "2021-08-06 [오후 1:29:58]: no comment"
"C:\Users\user\Desktop\210806\P14\DH5a_P14(4)_G.png", 1,1028.3,1336.6,1,0,1,507,13,88,255,54.9172,99.7515,0,20.7387,36.7055,1, "2021-08-06 [오후 1:29:58]: no comment"
"C:\Users\user\Desktop\210806\P14\DH5a_P14(4)_G.png", 1,670.7,1330.4,1,0,1,134,7,86,255,35.9403,65.4179,0,8.65366,14.8888,1, "2021-08-06 [오후 1:29:58]: no comment"
"C:\Users\user\Desktop\210806\P14\DH5a_P14(4)_G.png", 1,757,1330,1,0,1,380,12,88,255,62.2421,113,0,23.9506,42.5225,1, "2021-08-06 [오후 1:29:58]: no comment"
"C:\Users\user\Desktop\210806\P14\DH5a_P14(4)_G.png", 1,545,1317.5,1,0,1,500,13,88,255,68.16,123.66,0,28.3474,50.5058,1, "2021-08-06 [오후 1:29:58]: no comment"
"C:\Users\user\Desktop\210806\P14\DH5a_P14(4)_G.png", 1,794.5,1310.5,1,0,1,490,13,86,255,75.5755,137.104,0,31.7719,56.6371,1, "2021-08-06 [오후 1:29:58]: no comment"
"C:\Users\user\Desktop\210806\P14\DH5a_P14(4)_G.png", 1,1738.5,1282,1,0,1,360,11,86,255,61.8111,112.208,0,24.1926,42.9584,1, "2021-08-06 [오후 1:29:58]: no comment"
"C:\Users\user\Desktop\210806\P14\DH5a_P14(4)_G.png", 1,867.25,1209.25,1,0,1,451,13,86,255,67.847,123.177,0,27.4805,48.9187,1, "2021-08-06 [오후 1:29:58]: no comment"
"C:\Users\user\Desktop\210806\P14\DH5a_P14(4)_G.png", 1,1762,1184.5,1,0,1,89,6,88,255,34.427,62.7079,0,7.33855,12.5634,1, "2021-08-06 [오후 1:29:58]: no comment"
"C:\Users\user\Desktop\210806\P14\DH5a_P14(4)_G.png", 1,986.75,1185.75,1,0,1,168,8,88,255,85.4405,154.869,0,35.5029,63.2976,1, "2021-08-06 [오후 1:29:58]: no comment"
"C:\Users\user\Desktop\210806\P14\DH5a_P14(4)_G.png", 1,790.5,1173,1,0,1,192,8,88,255,35.0052,63.776,0,6.70955,11.3866,1, "2021-08-06 [오후 1:29:58]: no comment"
"C:\Users\user\Desktop\210806\P14\DH5a_P14(4)_G.png", 1,1364.5,1165.5,1,0,1,221,9,86,255,44.6697,81.1403,0,14.1612,24.7386,1, "2021-08-06 [오후 1:29:58]: no comment"
"C:\Users\user\Desktop\210806\P14\DH5a_P14(4)_G.png", 1,521,1147.5,1,0,1,89,6,88,255,28.3146,51.6067,0,5.15594,8.40576,1, "2021-08-06 [오후 1:29:58]: no comment"
"C:\Users\user\Desktop\210806\P14\DH5a_P14(4)_G.png", 1,774.5,1147.5,1,0,1,448,12,86,255,70.8326,128.5,0,28.9081,51.4722,1, "2021-08-06 [오후 1:29:58]: no comment"
"C:\Users\user\Desktop\210806\P14\DH5a_P14(4)_G.png", 1,621.5,1097.5,1,0,1,383,11,86,255,70.611,128.12,0,27.8782,49.6233,1, "2021-08-06 [오후 1:29:58]: no comment"
"C:\Users\user\Desktop\210806\P14\DH5a_P14(4)_G.png", 1,294.731,1089.85,1,0,1,146,7,88,255,32.7945,59.7055,0,7.48805,12.7235,1, "2021-08-06 [오후 1:29:58]: no comment"
"C:\Users\user\Desktop\210806\P14\DH5a_P14(4)_G.png", 1,508.929,1086.82,1,0,1,334,11,86,255,51.7874,94.0539,0,19.2289,33.9657,1, "2021-08-06 [오후 1:29:58]: no comment"
"C:\Users\user\Desktop\210806\P14\DH5a_P14(4)_G.png", 1,634.5,1075,1,0,1,359,11,86,255,67.6518,122.769,0,25.3576,45.0039,1, "2021-08-06 [오후 1:29:58]: no comment"
"C:\Users\user\Desktop\210806\P14\DH5a_P14(4)_G.png", 1,1765.1,1072.8,1,0,1,327,10,86,255,61.63,111.856,0,24.5103,43.5256,1, "2021-08-06 [오후 1:29:58]: no comment"
"C:\Users\user\Desktop\210806\P14\DH5a_P14(4)_G.png", 1,257,1052,1,0,1,332,11,86,255,63.0301,114.452,0,24.8111,44.0679,1, "2021-08-06 [오후 1:29:58]: no comment"
"C:\Users\user\Desktop\210806\P14\DH5a_P14(4)_G.png", 1,806.459,1007.24,1,0,1,453,12,86,255,70.0993,127.163,0,28.9804,51.6125,1, "2021-08-06 [오후 1:29:58]: no comment"
"C:\Users\user\Desktop\210806\P14\DH5a_P14(4)_G.png", 1,596,999,1,0,1,413,12,86,255,64.6562,117.332,0,25.1703,44.6962,1, "2021-08-06 [오후 1:29:58]: no comment"
"C:\Users\user\Desktop\210806\P14\DH5a_P14(4)_G.png", 1,764.05,990.85,1,0,1,330,11,86,255,30.9394,56.3879,0,4.53716,7.40841,1, "2021-08-06 [오후 1:29:58]: no comment"
"C:\Users\user\Desktop\210806\P14\DH5a_P14(4)_G.png", 1,561,960.5,1,0,1,600,14,86,255,76.8317,139.29,0,33.5651,59.8494,1, "2021-08-06 [오후 1:29:58]: no comment"
"C:\Users\user\Desktop\210806\P14\DH5a_P14(4)_G.png", 1,804.5,945,1,0,1,166,8,88,255,24.2892,44.3614,0,1.88536,2.62123,1, "2021-08-06 [오후 1:29:58]: no comment"
"C:\Users\user\Desktop\210806\P14\DH5a_P14(4)_G.png", 1,421.5,946.5,1,0,1,660,15,86,255,84.8879,153.855,0,36.2287,64.6439,1, "2021-08-06 [오후 1:29:58]: no comment"
"C:\Users\user\Desktop\210806\P14\DH5a_P14(4)_G.png", 1,788,901,1,0,1,151,8,88,255,24.2252,44.2119,0,8.94532,15.3364,1, "2021-08-06 [오후 1:29:58]: no comment"
"C:\Users\user\Desktop\210806\P14\DH5a_P14(4)_G.png", 1,239.5,868,1,0,1,553,14,86,255,90.689,164.347,0,35.4807,63.2916,1, "2021-08-06 [오후 1:29:58]: no comment"
"C:\Users\user\Desktop\210806\P14\DH5a_P14(4)_G.png", 1,1420.75,855.75,1,0,1,406,12,86,255,35.6034,64.7512,0,8.91195,15.2975,1, "2021-08-06 [오후 1:29:58]: no comment"
"C:\Users\user\Desktop\210806\P14\DH5a_P14(4)_G.png", 1,1144,812.5,1,0,1,410,12,86,255,57.5317,104.398,0,22.36,39.5999,1, "2021-08-06 [오후 1:29:58]: no comment"
"C:\Users\user\Desktop\210806\P14\DH5a_P14(4)_G.png", 1,1113.5,788.5,1,0,1,641,14,88,255,78.3526,142.097,0,34.378,61.3379,1, "2021-08-06 [오후 1:29:58]: no comment"
"C:\Users\user\Desktop\210806\P14\DH5a_P14(4)_G.png", 1,691.75,786.25,1,0,1,487,13,86,255,71.0575,128.924,0,30.0017,53.4418,1, "2021-08-06 [오후 1:29:58]: no comment"
"C:\Users\user\Desktop\210806\P14\DH5a_P14(4)_G.png", 1,800.5,773,1,0,1,636,15,88,255,81.3349,147.502,0,34.7649,61.9938,1, "2021-08-06 [오후 1:29:58]: no comment"
"C:\Users\user\Desktop\210806\P14\DH5a_P14(4)_G.png", 1,903.5,719.5,1,0,1,540,13,86,255,101.781,184.333,0,36.879,65.7506,1, "2021-08-06 [오후 1:29:58]: no comment"
"C:\Users\user\Desktop\210806\P14\DH5a_P14(4)_G.png", 1,1625,703,1,0,1,398,11,88,255,72.4774,131.42,0,30.8063,54.8912,1, "2021-08-06 [오후 1:29:58]: no comment"
"C:\Users\user\Desktop\210806\P14\DH5a_P14(4)_G.png", 1,148.25,684.25,1,0,1,322,10,86,255,60.8137,110.342,0,23.8866,42.3982,1, "2021-08-06 [오후 1:29:58]: no comment"
"C:\Users\user\Desktop\210806\P14\DH5a_P14(4)_G.png", 1,1204,678,1,0,1,455,13,86,255,59.6066,108.198,0,23.6538,41.9623,1, "2021-08-06 [오후 1:29:58]: no comment"
"C:\Users\user\Desktop\210806\P14\DH5a_P14(4)_G.png", 1,944.5,650,1,0,1,625,15,86,255,75.5344,136.966,0,32.0287,57.0783,1, "2021-08-06 [오후 1:29:58]: no comment"
"C:\Users\user\Desktop\210806\P14\DH5a_P14(4)_G.png", 1,1677,640.5,1,0,1,293,10,88,255,59.3823,107.747,0,21.6243,38.3119,1, "2021-08-06 [오후 1:29:58]: no comment"
"C:\Users\user\Desktop\210806\P14\DH5a_P14(4)_G.png", 1,1696,634.5,1,0,1,254,10,88,255,56.0118,101.752,0,20.0779,35.4719,1, "2021-08-06 [오후 1:29:58]: no comment"
"C:\Users\user\Desktop\210806\P14\DH5a_P14(4)_G.png", 1,14,598.5,1,0,1,89,6,86,255,86.3708,156.438,0,34.7294,61.9625,1, "2021-08-06 [오후 1:29:58]: no comment"
"C:\Users\user\Desktop\210806\P14\DH5a_P14(4)_G.png", 1,1269.5,582,1,0,1,92,6,86,255,49.75,90.4022,0,20.4806,36.3151,1, "2021-08-06 [오후 1:29:58]: no comment"
"C:\Users\user\Desktop\210806\P14\DH5a_P14(4)_G.png", 1,1007,570,1,0,1,300,11,86,255,23.81,43.45,0,2.03307,2.92895,1, "2021-08-06 [오후 1:29:58]: no comment"
"C:\Users\user\Desktop\210806\P14\DH5a_P14(4)_G.png", 1,948,497.5,1,0,1,134,7,86,255,31.8806,58.0746,0,6.78217,11.465,1, "2021-08-06 [오후 1:29:58]: no comment"
"C:\Users\user\Desktop\210806\P14\DH5a_P14(4)_G.png", 1,946.5,419,1,0,1,391,12,88,255,56.2609,102.138,0,22.1305,39.1907,1, "2021-08-06 [오후 1:29:58]: no comment"
"C:\Users\user\Desktop\210806\P14\DH5a_P14(4)_G.png", 1,1466.5,375,1,0,1,458,13,86,255,76.2707,138.334,0,33.1003,58.9658,1, "2021-08-06 [오후 1:29:58]: no comment"
"C:\Users\user\Desktop\210806\P14\DH5a_P14(4)_G.png", 1,782,343,1,0,1,46,5,86,255,31.6304,57.6087,0,7.69639,13.1664,1, "2021-08-06 [오후 1:29:58]: no comment"
"C:\Users\user\Desktop\210806\P14\DH5a_P14(4)_G.png", 1,685,318.5,1,0,1,425,12,86,255,63.9506,116.035,0,25.5941,45.4657,1, "2021-08-06 [오후 1:29:58]: no comment"
"C:\Users\user\Desktop\210806\P14\DH5a_P14(4)_G.png", 1,725.765,299.059,1,0,1,474,13,86,255,70.1456,127.285,0,29.0231,51.662,1, "2021-08-06 [오후 1:29:58]: no comment"
"C:\Users\user\Desktop\210806\P14\DH5a_P14(4)_G.png", 1,976.7,281.6,1,0,1,585,14,86,255,73.0137,132.421,0,31.7549,56.5701,1, "2021-08-06 [오후 1:29:58]: no comment"
"C:\Users\user\Desktop\210806\P14\DH5a_P14(4)_G.png", 1,909,266.5,1,0,1,351,11,86,255,52.5613,95.4587,0,19.6037,34.6208,1, "2021-08-06 [오후 1:29:58]: no comment"
"C:\Users\user\Desktop\210806\P14\DH5a_P14(4)_G.png", 1,721,262.5,1,0,1,276,10,88,255,25.1522,45.8913,0,2.64802,3.97863,1, "2021-08-06 [오후 1:29:58]: no comment"
"C:\Users\user\Desktop\210806\P14\DH5a_P14(4)_G.png", 1,606,240,1,0,1,532,14,86,255,70.6485,128.179,0,30.5245,54.4246,1, "2021-08-06 [오후 1:29:58]: no comment"
"C:\Users\user\Desktop\210806\P14\DH5a_P14(4)_G.png", 1,1225.3,214.4,1,0,1,433,12,88,255,63.0901,114.51,0,26.1295,46.4154,1, "2021-08-06 [오후 1:29:58]: no comment"
"C:\Users\user\Desktop\210806\P14\DH5a_P14(4)_G.png", 1,1389,52,1,0,1,61,6,86,255,15.8525,29.0492,0,2.08395,2.83255,1, "2021-08-06 [오후 1:29:58]: no comment"
"C:\Users\user\Desktop\210806\P14\DH5a_P14(4)_R.png", 1,1677.5,640.5,1,0,2,341,11,10,255,73.2229,10.7859,0,28.3474,5.19446,1, "2021-08-06 [오후 1:30:00]: no comment"
"C:\Users\user\Desktop\210806\P14\DH5a_P14(4)_R.png", 1,1696.5,634.5,1,0,2,284,10,8,255,66.7958,9.76761,0,24.3369,4.60587,1, "2021-08-06 [오후 1:30:00]: no comment"
"C:\Users\user\Desktop\210806\P14\DH5a_P14(4)_R.png", 1,1251.5,1738.5,1,0,1,253,9,8,255,55.6482,8.09486,0,21.7244,4.21786,1, "2021-08-06 [오후 1:30:00]: no comment"
"C:\Users\user\Desktop\210806\P14\DH5a_P14(4)_R.png", 1,878.5,1602.5,1,0,1,301,10,10,255,58.3721,8.51495,0,24.2333,4.56207,1, "2021-08-06 [오후 1:30:00]: no comment"
"C:\Users\user\Desktop\210806\P14\DH5a_P14(4)_R.png", 1,1512,1405,1,0,1,425,12,8,255,81.1176,11.9953,0,36.3106,6.40979,1, "2021-08-06 [오후 1:30:00]: no comment"
"C:\Users\user\Desktop\210806\P14\DH5a_P14(4)_R.png", 1,637.721,1382.13,1,0,1,439,12,8,255,75.1048,11.0866,0,32.1966,5.76527,1, "2021-08-06 [오후 1:30:00]: no comment"
"C:\Users\user\Desktop\210806\P14\DH5a_P14(4)_R.png", 1,950.3,1377.9,1,0,1,417,12,8,255,81.7962,12.0935,0,35.9185,6.34277,1, "2021-08-06 [오후 1:30:00]: no comment"
"C:\Users\user\Desktop\210806\P14\DH5a_P14(4)_R.png", 1,378,1361,1,0,1,490,13,8,255,80.9612,11.9633,0,36.6462,6.45881,1, "2021-08-06 [오후 1:30:00]: no comment"
"C:\Users\user\Desktop\210806\P14\DH5a_P14(4)_R.png", 1,919,1341.5,1,0,1,304,10,10,255,58.8849,8.57895,0,23.0553,4.35709,1, "2021-08-06 [오후 1:30:00]: no comment"
"C:\Users\user\Desktop\210806\P14\DH5a_P14(4)_R.png", 1,595,1342,1,0,1,484,13,10,255,65.2293,9.54545,0,26.2561,4.88044,1, "2021-08-06 [오후 1:30:00]: no comment"
"C:\Users\user\Desktop\210806\P14\DH5a_P14(4)_R.png", 1,569,1335,1,0,1,183,8,8,255,44.1093,6.36612,0,14.5771,3.13028,1, "2021-08-06 [오후 1:30:00]: no comment"
"C:\Users\user\Desktop\210806\P14\DH5a_P14(4)_R.png", 1,670.5,1331,1,0,1,188,8,8,255,40.6117,5.80851,0,13.3018,2.89218,1, "2021-08-06 [오후 1:30:00]: no comment"
"C:\Users\user\Desktop\210806\P14\DH5a_P14(4)_R.png", 1,1029,1336.5,1,0,1,594,14,8,255,77.4091,11.4394,0,34.8246,6.18128,1, "2021-08-06 [오후 1:30:00]: no comment"
"C:\Users\user\Desktop\210806\P14\DH5a_P14(4)_R.png", 1,757,1329.5,1,0,1,443,13,8,255,74.0113,10.9074,0,32.0684,5.74144,1, "2021-08-06 [오후 1:30:00]: no comment"
"C:\Users\user\Desktop\210806\P14\DH5a_P14(4)_R.png", 1,545.5,1317,1,0,1,588,14,8,255,77.898,11.4949,0,34.0807,6.06874,1, "2021-08-06 [오후 1:30:00]: no comment"
"C:\Users\user\Desktop\210806\P14\DH5a_P14(4)_R.png", 1,795,1309.5,1,0,1,561,14,8,255,87.7184,13.016,0,39.3672,6.86887,1, "2021-08-06 [오후 1:30:00]: no comment"
"C:\Users\user\Desktop\210806\P14\DH5a_P14(4)_R.png", 1,1738.21,1281.82,1,0,1,413,11,8,255,67.1138,9.84988,0,27.2858,5.01411,1, "2021-08-06 [오후 1:30:00]: no comment"
"C:\Users\user\Desktop\210806\P14\DH5a_P14(4)_R.png", 1,867,1209,1,0,1,527,13,10,255,79.4326,11.7514,0,35.9064,6.32233,1, "2021-08-06 [오후 1:30:00]: no comment"
"C:\Users\user\Desktop\210806\P14\DH5a_P14(4)_R.png", 1,1762.5,1185,1,0,1,117,7,8,255,34.2393,4.78632,0,10.1564,2.44901,1, "2021-08-06 [오후 1:30:00]: no comment"
"C:\Users\user\Desktop\210806\P14\DH5a_P14(4)_R.png", 1,987,1186,1,0,1,177,8,10,255,99.0508,14.7627,0,45.2939,7.78984,1, "2021-08-06 [오후 1:30:00]: no comment"
"C:\Users\user\Desktop\210806\P14\DH5a_P14(4)_R.png", 1,790.15,1173.95,1,0,1,326,11,8,255,64.6687,9.48466,0,26.3785,4.89251,1, "2021-08-06 [오후 1:30:00]: no comment"
"C:\Users\user\Desktop\210806\P14\DH5a_P14(4)_R.png", 1,1365,1167,1,0,1,271,10,8,255,51.4317,7.46125,0,19.9225,3.93053,1, "2021-08-06 [오후 1:30:00]: no comment"
"C:\Users\user\Desktop\210806\P14\DH5a_P14(4)_R.png", 1,521,1147.5,1,0,1,89,6,8,255,30.6629,4.25843,0,6.94345,1.96603,1, "2021-08-06 [오후 1:30:00]: no comment"
"C:\Users\user\Desktop\210806\P14\DH5a_P14(4)_R.png", 1,774,1148,1,0,1,512,13,8,255,83.6465,12.3809,0,37.5526,6.59728,1, "2021-08-06 [오후 1:30:00]: no comment"
"C:\Users\user\Desktop\210806\P14\DH5a_P14(4)_R.png", 1,621.5,1097.5,1,0,1,435,12,8,255,83.7701,12.3977,0,35.5505,6.28981,1, "2021-08-06 [오후 1:30:00]: no comment"
"C:\Users\user\Desktop\210806\P14\DH5a_P14(4)_R.png", 1,294.5,1089.5,1,0,1,131,7,8,255,38,5.39695,0,10.9472,2.56624,1, "2021-08-06 [오후 1:30:00]: no comment"
"C:\Users\user\Desktop\210806\P14\DH5a_P14(4)_R.png", 1,509.5,1086.5,1,0,1,378,11,8,255,63.7434,9.29365,0,26.0131,4.82432,1, "2021-08-06 [오후 1:30:00]: no comment"
"C:\Users\user\Desktop\210806\P14\DH5a_P14(4)_R.png", 1,634.25,1074.75,1,0,1,400,11,8,255,81.99,12.1425,0,33.1467,5.92364,1, "2021-08-06 [오후 1:30:00]: no comment"
"C:\Users\user\Desktop\210806\P14\DH5a_P14(4)_R.png", 1,1765.5,1073,1,0,1,370,11,8,255,69.5297,10.2189,0,28.2987,5.17368,1, "2021-08-06 [오후 1:30:00]: no comment"
"C:\Users\user\Desktop\210806\P14\DH5a_P14(4)_R.png", 1,257,1051.5,1,0,1,395,12,10,255,72.8203,10.7063,0,33.0136,5.87046,1, "2021-08-06 [오후 1:30:00]: no comment"
"C:\Users\user\Desktop\210806\P14\DH5a_P14(4)_R.png", 1,806.647,1007.41,1,0,1,515,13,8,255,83.299,12.3223,0,37.5687,6.5896,1, "2021-08-06 [오후 1:30:00]: no comment"
"C:\Users\user\Desktop\210806\P14\DH5a_P14(4)_R.png", 1,595.5,999,1,0,1,476,13,8,255,74.3298,10.9559,0,31.2714,5.63456,1, "2021-08-06 [오후 1:30:00]: no comment"
"C:\Users\user\Desktop\210806\P14\DH5a_P14(4)_R.png", 1,763,991.5,1,0,1,542,14,10,255,72.572,10.69,0,31.1427,5.60505,1, "2021-08-06 [오후 1:30:00]: no comment"
"C:\Users\user\Desktop\210806\P14\DH5a_P14(4)_R.png", 1,562,960.5,1,0,1,697,15,8,255,89.3902,13.2626,0,41.4806,7.19795,1, "2021-08-06 [오후 1:30:00]: no comment"
"C:\Users\user\Desktop\210806\P14\DH5a_P14(4)_R.png", 1,804.4,945.3,1,0,1,342,11,8,255,49.7456,7.19298,0,19.1083,3.76743,1, "2021-08-06 [오후 1:30:00]: no comment"
"C:\Users\user\Desktop\210806\P14\DH5a_P14(4)_R.png", 1,421,946,1,0,1,744,17,8,255,100.048,14.8642,0,47.5815,8.12723,1, "2021-08-06 [오후 1:30:00]: no comment"
"C:\Users\user\Desktop\210806\P14\DH5a_P14(4)_R.png", 1,788.538,900.308,1,0,1,324,10,10,255,45.4074,6.51543,0,18.5872,3.66257,1, "2021-08-06 [오후 1:30:00]: no comment"
"C:\Users\user\Desktop\210806\P14\DH5a_P14(4)_R.png", 1,239.25,869.75,1,0,1,678,15,8,255,101.361,15.1032,0,47.0698,8.0582,1, "2021-08-06 [오후 1:30:00]: no comment"
"C:\Users\user\Desktop\210806\P14\DH5a_P14(4)_R.png", 1,1420.59,856.353,1,0,1,480,13,10,255,65.575,9.61667,0,27.7324,5.08592,1, "2021-08-06 [오후 1:30:00]: no comment"
"C:\Users\user\Desktop\210806\P14\DH5a_P14(4)_R.png", 1,1144.42,812.885,1,0,1,485,13,10,255,72.8742,10.7361,0,31.3547,5.64852,1, "2021-08-06 [오후 1:30:00]: no comment"
"C:\Users\user\Desktop\210806\P14\DH5a_P14(4)_R.png", 1,1113.5,789,1,0,1,727,16,8,255,90.4553,13.4292,0,41.6696,7.22747,1, "2021-08-06 [오후 1:30:00]: no comment"
"C:\Users\user\Desktop\210806\P14\DH5a_P14(4)_R.png", 1,691.5,786.5,1,0,1,566,13,8,255,82.1484,12.159,0,37.7172,6.6214,1, "2021-08-06 [오후 1:30:00]: no comment"
"C:\Users\user\Desktop\210806\P14\DH5a_P14(4)_R.png", 1,800.776,773.31,1,0,1,723,16,8,255,94.7261,14.0761,0,44.2981,7.62207,1, "2021-08-06 [오후 1:30:00]: no comment"
"C:\Users\user\Desktop\210806\P14\DH5a_P14(4)_R.png", 1,903.5,719,1,0,1,595,14,10,255,79.4655,11.7328,0,36.5263,6.4351,1, "2021-08-06 [오후 1:30:00]: no comment"
"C:\Users\user\Desktop\210806\P14\DH5a_P14(4)_R.png", 1,1625,703.5,1,0,1,472,12,10,255,80.1504,11.8369,0,36.8673,6.49777,1, "2021-08-06 [오후 1:30:00]: no comment"
"C:\Users\user\Desktop\210806\P14\DH5a_P14(4)_R.png", 1,147.608,685.138,1,0,1,373,12,10,255,71.4745,10.5147,0,31.2105,5.60655,1, "2021-08-06 [오후 1:30:00]: no comment"
"C:\Users\user\Desktop\210806\P14\DH5a_P14(4)_R.png", 1,1203.5,678.5,1,0,1,542,13,8,255,83.7214,12.3782,0,38.1575,6.68377,1, "2021-08-06 [오후 1:30:00]: no comment"
"C:\Users\user\Desktop\210806\P14\DH5a_P14(4)_R.png", 1,944.716,649.797,1,0,1,722,16,8,255,88.0499,13.0582,0,41.2634,7.14952,1, "2021-08-06 [오후 1:30:00]: no comment"
"C:\Users\user\Desktop\210806\P14\DH5a_P14(4)_R.png", 1,14,598.5,1,0,1,116,7,8,255,93.8448,13.9483,0,45.2743,7.84791,1, "2021-08-06 [오후 1:30:00]: no comment"
"C:\Users\user\Desktop\210806\P14\DH5a_P14(4)_R.png", 1,1270,582,1,0,1,95,6,10,255,53.0737,7.75789,0,25.9674,4.86813,1, "2021-08-06 [오후 1:30:00]: no comment"
"C:\Users\user\Desktop\210806\P14\DH5a_P14(4)_R.png", 1,1007,570.5,1,0,1,541,14,8,255,68.0684,10.0166,0,29.4325,5.36395,1, "2021-08-06 [오후 1:30:00]: no comment"
"C:\Users\user\Desktop\210806\P14\DH5a_P14(4)_R.png", 1,948,497,1,0,1,169,8,8,255,36.1775,5.08876,0,10.5113,2.47096,1, "2021-08-06 [오후 1:30:00]: no comment"
"C:\Users\user\Desktop\210806\P14\DH5a_P14(4)_R.png", 1,946.4,418.3,1,0,1,452,12,8,255,67.3075,9.88274,0,28.769,5.2491,1, "2021-08-06 [오후 1:30:00]: no comment"
"C:\Users\user\Desktop\210806\P14\DH5a_P14(4)_R.png", 1,1466.5,375.5,1,0,1,537,13,8,255,83.8324,12.3892,0,37.9598,6.65219,1, "2021-08-06 [오후 1:30:00]: no comment"
"C:\Users\user\Desktop\210806\P14\DH5a_P14(4)_R.png", 1,685,318,1,0,1,494,13,8,255,74.9109,11.0425,0,32.9609,5.89197,1, "2021-08-06 [오후 1:30:00]: no comment"
"C:\Users\user\Desktop\210806\P14\DH5a_P14(4)_R.png", 1,725.5,299.5,1,0,1,542,13,8,255,82.2509,12.1605,0,36.4249,6.41915,1, "2021-08-06 [오후 1:30:00]: no comment"
"C:\Users\user\Desktop\210806\P14\DH5a_P14(4)_R.png", 1,976.75,281.25,1,0,1,684,15,8,255,83.4225,12.3465,0,39.1214,6.83658,1, "2021-08-06 [오후 1:30:00]: no comment"
"C:\Users\user\Desktop\210806\P14\DH5a_P14(4)_R.png", 1,909.029,265.882,1,0,1,407,12,8,255,63.113,9.22604,0,26.809,4.94284,1, "2021-08-06 [오후 1:30:00]: no comment"
"C:\Users\user\Desktop\210806\P14\DH5a_P14(4)_R.png", 1,719.7,263.1,1,0,1,427,12,8,255,55.7658,8.1171,0,21.8447,4.20646,1, "2021-08-06 [오후 1:30:00]: no comment"
"C:\Users\user\Desktop\210806\P14\DH5a_P14(4)_R.png", 1,605.5,240.5,1,0,1,614,14,8,255,80.5814,11.9283,0,36.4355,6.43167,1, "2021-08-06 [오후 1:30:00]: no comment"
"C:\Users\user\Desktop\210806\P14\DH5a_P14(4)_R.png", 1,1225.5,213,1,0,1,472,13,8,255,73.6949,10.8305,0,30.8417,5.55439,1, "2021-08-06 [오후 1:30:00]: no comment"
"C:\Users\user\Desktop\210806\P14\DH5a_P14(1)_G.png", 1,1474,1768,1,0,2,54,5,86,255,7.81481,14.3704,0,1.54685,1.80038,1, "2021-08-06 [오후 1:30:01]: no comment"
"C:\Users\user\Desktop\210806\P14\DH5a_P14(1)_G.png", 1,661.5,917.5,1,0,2,189,8,86,255,66.8307,121.228,0,19.281,34.0325,1, "2021-08-06 [오후 1:30:01]: no comment"
"C:\Users\user\Desktop\210806\P14\DH5a_P14(1)_G.png", 1,661.5,901.5,1,0,2,361,12,86,255,68.072,123.479,0,25.3234,45.0276,1, "2021-08-06 [오후 1:30:01]: no comment"
"C:\Users\user\Desktop\210806\P14\DH5a_P14(1)_G.png", 1,565.97,864.067,1,0,3,304,12,86,255,64.5164,117.066,0,25.9028,46.051,1, "2021-08-06 [오후 1:30:01]: no comment"
"C:\Users\user\Desktop\210806\P14\DH5a_P14(1)_G.png", 1,586.103,858.274,1,0,3,242,11,88,255,62.3347,113.198,0,23.69,42.0739,1, "2021-08-06 [오후 1:30:01]: no comment"
"C:\Users\user\Desktop\210806\P14\DH5a_P14(1)_G.png", 1,7,327.5,1,0,3,124,7,90,255,7.16935,13.5806,0,1.39598,1.67318,1, "2021-08-06 [오후 1:30:01]: no comment"
"C:\Users\user\Desktop\210806\P14\DH5a_P14(1)_G.png", 1,13.75,317.75,1,0,3,96,7,90,255,7.17708,13.7188,0,1.45632,1.7597,1, "2021-08-06 [오후 1:30:01]: no comment"
"C:\Users\user\Desktop\210806\P14\DH5a_P14(1)_G.png", 1,357,3,1,0,2,35,5,88,255,8,14.7714,0,1.23905,1.53908,1, "2021-08-06 [오후 1:30:01]: no comment"
"C:\Users\user\Desktop\210806\P14\DH5a_P14(1)_G.png", 1,881.5,1752.5,1,0,1,254,9,88,255,61.1732,111.055,0,25.2543,44.8705,1, "2021-08-06 [오후 1:30:01]: no comment"
"C:\Users\user\Desktop\210806\P14\DH5a_P14(1)_G.png", 1,516.5,1701,1,0,1,345,11,88,255,66.3449,120.359,0,27.9306,49.6842,1, "2021-08-06 [오후 1:30:01]: no comment"
"C:\Users\user\Desktop\210806\P14\DH5a_P14(1)_G.png", 1,496.25,1689.25,1,0,1,242,9,86,255,54.1694,98.3306,0,20.2575,35.8177,1, "2021-08-06 [오후 1:30:01]: no comment"
"C:\Users\user\Desktop\210806\P14\DH5a_P14(1)_G.png", 1,1008.25,1626.25,1,0,1,350,11,86,255,60.0771,109.037,0,23.5865,41.9088,1, "2021-08-06 [오후 1:30:01]: no comment"
"C:\Users\user\Desktop\210806\P14\DH5a_P14(1)_G.png", 1,1050,1607,1,0,1,310,10,88,255,58.2806,105.797,0,22.4078,39.6876,1, "2021-08-06 [오후 1:30:01]: no comment"
"C:\Users\user\Desktop\210806\P14\DH5a_P14(1)_G.png", 1,866.5,1605.5,1,0,1,445,12,86,255,74.8202,135.703,0,32.1089,57.2706,1, "2021-08-06 [오후 1:30:01]: no comment"
"C:\Users\user\Desktop\210806\P14\DH5a_P14(1)_G.png", 1,1136.85,1581.41,1,0,1,414,12,86,255,71.8599,130.384,0,30.6364,54.5763,1, "2021-08-06 [오후 1:30:01]: no comment"
"C:\Users\user\Desktop\210806\P14\DH5a_P14(1)_G.png", 1,611,1541.5,1,0,1,411,12,86,255,70.2044,127.375,0,29.3364,52.2638,1, "2021-08-06 [오후 1:30:01]: no comment"
"C:\Users\user\Desktop\210806\P14\DH5a_P14(1)_G.png", 1,821.5,1522.5,1,0,1,261,9,86,255,57.6782,104.686,0,22.1675,39.2643,1, "2021-08-06 [오후 1:30:01]: no comment"
"C:\Users\user\Desktop\210806\P14\DH5a_P14(1)_G.png", 1,1132,1505,1,0,1,189,8,88,255,22.8889,41.8783,0,2.20989,3.24928,1, "2021-08-06 [오후 1:30:01]: no comment"
"C:\Users\user\Desktop\210806\P14\DH5a_P14(1)_G.png", 1,1423,1464.5,1,0,1,244,9,88,255,48.4467,88.0902,0,17.6374,31.0504,1, "2021-08-06 [오후 1:30:01]: no comment"
"C:\Users\user\Desktop\210806\P14\DH5a_P14(1)_G.png", 1,702.5,1409.5,1,0,1,87,5,86,255,26.9885,49.2414,0,4.36819,7.01333,1, "2021-08-06 [오후 1:30:01]: no comment"
"C:\Users\user\Desktop\210806\P14\DH5a_P14(1)_G.png", 1,843.5,1374.5,1,0,1,432,12,86,255,71.7593,130.188,0,30.0127,53.4511,1, "2021-08-06 [오후 1:30:01]: no comment"
"C:\Users\user\Desktop\210806\P14\DH5a_P14(1)_G.png", 1,365.5,1368,1,0,1,272,10,88,255,22.1618,40.4338,0,1.90927,2.62789,1, "2021-08-06 [오후 1:30:01]: no comment"
"C:\Users\user\Desktop\210806\P14\DH5a_P14(1)_G.png", 1,609.5,1355,1,0,1,295,10,88,255,51.1356,92.878,0,18.5838,32.751,1, "2021-08-06 [오후 1:30:01]: no comment"
"C:\Users\user\Desktop\210806\P14\DH5a_P14(1)_G.png", 1,656,1322,1,0,1,476,14,86,255,92.937,168.422,0,30.2634,53.8363,1, "2021-08-06 [오후 1:30:01]: no comment"
"C:\Users\user\Desktop\210806\P14\DH5a_P14(1)_G.png", 1,858,1229,1,0,1,232,9,86,255,48.5776,88.25,0,15.9468,28.0642,1, "2021-08-06 [오후 1:30:01]: no comment"
"C:\Users\user\Desktop\210806\P14\DH5a_P14(1)_G.png", 1,802.75,1219.25,1,0,1,523,13,86,255,77.9273,141.312,0,32.3671,57.6782,1, "2021-08-06 [오후 1:30:01]: no comment"
"C:\Users\user\Desktop\210806\P14\DH5a_P14(1)_G.png", 1,642.75,1204.75,1,0,1,289,10,88,255,54.4913,98.9619,0,19.1775,33.9034,1, "2021-08-06 [오후 1:30:01]: no comment"
"C:\Users\user\Desktop\210806\P14\DH5a_P14(1)_G.png", 1,547.75,1184.25,1,0,1,298,10,86,255,59.5638,108.144,0,22.0319,39.0606,1, "2021-08-06 [오후 1:30:01]: no comment"
"C:\Users\user\Desktop\210806\P14\DH5a_P14(1)_G.png", 1,1058,1184,1,0,1,381,11,88,255,60.9265,110.598,0,23.3454,41.3975,1, "2021-08-06 [오후 1:30:01]: no comment"
"C:\Users\user\Desktop\210806\P14\DH5a_P14(1)_G.png", 1,740.5,1177.5,1,0,1,481,13,86,255,77.5946,140.738,0,31.8783,56.7859,1, "2021-08-06 [오후 1:30:01]: no comment"
"C:\Users\user\Desktop\210806\P14\DH5a_P14(1)_G.png", 1,536.75,1165.25,1,0,1,300,10,88,255,55.91,101.523,0,19.8084,35.0771,1, "2021-08-06 [오후 1:30:01]: no comment"
"C:\Users\user\Desktop\210806\P14\DH5a_P14(1)_G.png", 1,782,1159,1,0,1,480,13,88,255,79.475,144.115,0,32.4868,57.9808,1, "2021-08-06 [오후 1:30:01]: no comment"
"C:\Users\user\Desktop\210806\P14\DH5a_P14(1)_G.png", 1,648,1134,1,0,1,160,8,88,255,38.2375,69.5688,0,10.6407,18.383,1, "2021-08-06 [오후 1:30:01]: no comment"
"C:\Users\user\Desktop\210806\P14\DH5a_P14(1)_G.png", 1,598,1134.5,1,0,1,331,11,86,255,65.1329,118.215,0,25.475,45.3026,1, "2021-08-06 [오후 1:30:01]: no comment"
"C:\Users\user\Desktop\210806\P14\DH5a_P14(1)_G.png", 1,822,1125,1,0,1,423,12,86,255,67.7754,123.043,0,26.9285,47.8996,1, "2021-08-06 [오후 1:30:01]: no comment"
"C:\Users\user\Desktop\210806\P14\DH5a_P14(1)_G.png", 1,525.55,1110.15,1,0,1,229,10,88,255,22.3668,40.8559,0,1.93264,2.6163,1, "2021-08-06 [오후 1:30:01]: no comment"
"C:\Users\user\Desktop\210806\P14\DH5a_P14(1)_G.png", 1,953,1097,1,0,1,351,11,88,255,55.4245,100.59,0,20.701,36.6452,1, "2021-08-06 [오후 1:30:01]: no comment"
"C:\Users\user\Desktop\210806\P14\DH5a_P14(1)_G.png", 1,1086.84,1064.64,1,0,1,296,10,86,255,43.1588,78.4426,0,14.3735,25.2241,1, "2021-08-06 [오후 1:30:01]: no comment"
"C:\Users\user\Desktop\210806\P14\DH5a_P14(1)_G.png", 1,670,1063.5,1,0,1,503,13,86,255,84.7376,153.592,0,34.7908,62.0012,1, "2021-08-06 [오후 1:30:01]: no comment"
"C:\Users\user\Desktop\210806\P14\DH5a_P14(1)_G.png", 1,1002.5,1051,1,0,1,189,8,86,255,23.7249,43.3704,0,2.0071,2.72758,1, "2021-08-06 [오후 1:30:01]: no comment"
"C:\Users\user\Desktop\210806\P14\DH5a_P14(1)_G.png", 1,1326.5,1037.5,1,0,1,523,13,86,255,69.5889,126.293,0,29.4459,52.4518,1, "2021-08-06 [오후 1:30:01]: no comment"
"C:\Users\user\Desktop\210806\P14\DH5a_P14(1)_G.png", 1,667.5,1021,1,0,1,395,12,86,255,71.0759,128.962,0,28.2111,50.1978,1, "2021-08-06 [오후 1:30:01]: no comment"
"C:\Users\user\Desktop\210806\P14\DH5a_P14(1)_G.png", 1,810.1,1019.2,1,0,1,526,13,86,255,73.6901,133.692,0,30.9102,55.081,1, "2021-08-06 [오후 1:30:01]: no comment"
"C:\Users\user\Desktop\210806\P14\DH5a_P14(1)_G.png", 1,509,1014.5,1,0,1,424,12,86,255,59.6557,108.321,0,23.8438,42.3434,1, "2021-08-06 [오후 1:30:01]: no comment"
"C:\Users\user\Desktop\210806\P14\DH5a_P14(1)_G.png", 1,671.5,972.5,1,0,1,425,12,86,255,63.84,115.845,0,24.6956,43.8527,1, "2021-08-06 [오후 1:30:01]: no comment"
"C:\Users\user\Desktop\210806\P14\DH5a_P14(1)_G.png", 1,824.25,919.75,1,0,1,300,10,86,255,53.04,96.34,0,18.4292,32.5303,1, "2021-08-06 [오후 1:30:01]: no comment"
"C:\Users\user\Desktop\210806\P14\DH5a_P14(1)_G.png", 1,805,906,1,0,1,238,9,86,255,48.9328,88.9118,0,15.7931,27.7578,1, "2021-08-06 [오후 1:30:01]: no comment"
"C:\Users\user\Desktop\210806\P14\DH5a_P14(1)_G.png", 1,827.6,881.3,1,0,1,456,12,88,255,67.4145,122.307,0,26.6246,47.3267,1, "2021-08-06 [오후 1:30:01]: no comment"
"C:\Users\user\Desktop\210806\P14\DH5a_P14(1)_G.png", 1,786,876,1,0,1,324,11,88,255,57.2994,104.031,0,20.7447,36.6729,1, "2021-08-06 [오후 1:30:01]: no comment"
"C:\Users\user\Desktop\210806\P14\DH5a_P14(1)_G.png", 1,777,819.5,1,0,1,213,9,88,255,41.0376,74.6103,0,12.4383,21.7,1, "2021-08-06 [오후 1:30:01]: no comment"
"C:\Users\user\Desktop\210806\P14\DH5a_P14(1)_G.png", 1,560.5,732,1,0,1,394,12,86,255,77.764,141.023,0,34.3464,61.2611,1, "2021-08-06 [오후 1:30:01]: no comment"
"C:\Users\user\Desktop\210806\P14\DH5a_P14(1)_G.png", 1,689.775,704.521,1,0,1,363,11,88,255,34.9366,63.6143,0,8.75371,15.0299,1, "2021-08-06 [오후 1:30:01]: no comment"
"C:\Users\user\Desktop\210806\P14\DH5a_P14(1)_G.png", 1,1005.75,681.75,1,0,1,626,14,88,255,79.3211,143.837,0,34.3945,61.3196,1, "2021-08-06 [오후 1:30:01]: no comment"
"C:\Users\user\Desktop\210806\P14\DH5a_P14(1)_G.png", 1,1257,630.5,1,0,1,411,11,86,255,68.8151,124.861,0,28.6349,50.9882,1, "2021-08-06 [오후 1:30:01]: no comment"
"C:\Users\user\Desktop\210806\P14\DH5a_P14(1)_G.png", 1,599.7,597.1,1,0,1,371,11,86,255,59.0836,107.178,0,23.1005,40.9941,1, "2021-08-06 [오후 1:30:01]: no comment"
"C:\Users\user\Desktop\210806\P14\DH5a_P14(1)_G.png", 1,618.5,476.5,1,0,1,189,8,86,255,39.7407,72.2116,0,11.8375,20.5707,1, "2021-08-06 [오후 1:30:01]: no comment"
"C:\Users\user\Desktop\210806\P14\DH5a_P14(1)_G.png", 1,568.5,451.5,1,0,1,593,14,86,255,62.5295,113.516,0,27.9828,49.8037,1, "2021-08-06 [오후 1:30:01]: no comment"
"C:\Users\user\Desktop\210806\P14\DH5a_P14(1)_G.png", 1,683,388,1,0,1,230,9,86,255,40.5739,73.7522,0,13.0806,22.8705,1, "2021-08-06 [오후 1:30:01]: no comment"
"C:\Users\user\Desktop\210806\P14\DH5a_P14(1)_G.png", 1,854.16,308.515,1,0,1,479,13,86,255,38.0188,69.1336,0,10.4127,18.0113,1, "2021-08-06 [오후 1:30:01]: no comment"
"C:\Users\user\Desktop\210806\P14\DH5a_P14(1)_G.png", 1,1074.05,212.65,1,0,1,333,10,88,255,53.1682,96.5976,0,20.9293,37.0352,1, "2021-08-06 [오후 1:30:01]: no comment"
"C:\Users\user\Desktop\210806\P14\DH5a_P14(1)_G.png", 1,1384.25,177.75,1,0,1,294,10,86,255,69.5884,126.204,0,28.2739,50.3509,1, "2021-08-06 [오후 1:30:01]: no comment"
"C:\Users\user\Desktop\210806\P14\DH5a_P14(1)_G.png", 1,914.5,104.5,1,0,1,163,7,86,255,53.8834,97.9202,0,23.1969,41.1604,1, "2021-08-06 [오후 1:30:01]: no comment"
"C:\Users\user\Desktop\210806\P14\DH5a_P14(1)_G.png", 1,583.5,91.5,1,0,1,333,10,88,255,50.1652,91.1351,0,19.0826,33.676,1, "2021-08-06 [오후 1:30:01]: no comment"
"C:\Users\user\Desktop\210806\P14\DH5a_P14(1)_R.png", 1,663.077,899.885,1,0,3,345,12,10,255,79.4493,11.7391,0,33.0727,5.89558,1, "2021-08-06 [오후 1:30:03]: no comment"
"C:\Users\user\Desktop\210806\P14\DH5a_P14(1)_R.png", 1,565.646,864.363,1,0,3,298,11,8,255,68.0201,9.98993,0,23.3632,4.41678,1, "2021-08-06 [오후 1:30:03]: no comment"
"C:\Users\user\Desktop\210806\P14\DH5a_P14(1)_R.png", 1,881.7,1752.4,1,0,1,298,10,10,255,65.9228,9.65101,0,29.2221,5.31934,1, "2021-08-06 [오후 1:30:03]: no comment"
"C:\Users\user\Desktop\210806\P14\DH5a_P14(1)_R.png", 1,517,1701,1,0,1,383,12,8,255,74.0131,10.9295,0,31.7796,5.69183,1, "2021-08-06 [오후 1:30:03]: no comment"
"C:\Users\user\Desktop\210806\P14\DH5a_P14(1)_R.png", 1,496.4,1689.7,1,0,1,262,9,8,255,64.229,9.38931,0,25.0842,4.66867,1, "2021-08-06 [오후 1:30:03]: no comment"
"C:\Users\user\Desktop\210806\P14\DH5a_P14(1)_R.png", 1,1008.4,1626.7,1,0,1,394,12,8,255,67.9061,9.96701,0,29.353,5.30693,1, "2021-08-06 [오후 1:30:03]: no comment"
"C:\Users\user\Desktop\210806\P14\DH5a_P14(1)_R.png", 1,1049.7,1606.4,1,0,1,343,11,8,255,66.7347,9.79883,0,27.8439,5.10188,1, "2021-08-06 [오후 1:30:03]: no comment"
"C:\Users\user\Desktop\210806\P14\DH5a_P14(1)_R.png", 1,867,1605.5,1,0,1,505,13,8,255,81.9782,12.1228,0,38.3336,6.67684,1, "2021-08-06 [오후 1:30:03]: no comment"
"C:\Users\user\Desktop\210806\P14\DH5a_P14(1)_R.png", 1,1137,1581.5,1,0,1,472,13,10,255,78.8941,11.6631,0,35.5376,6.27415,1, "2021-08-06 [오후 1:30:03]: no comment"
"C:\Users\user\Desktop\210806\P14\DH5a_P14(1)_R.png", 1,1084.5,1568,1,0,1,212,9,10,255,39.4575,5.63679,0,13.1935,2.9046,1, "2021-08-06 [오후 1:30:03]: no comment"
"C:\Users\user\Desktop\210806\P14\DH5a_P14(1)_R.png", 1,611,1542,1,0,1,468,13,8,255,76.6453,11.3056,0,34.3266,6.11603,1, "2021-08-06 [오후 1:30:03]: no comment"
"C:\Users\user\Desktop\210806\P14\DH5a_P14(1)_R.png", 1,821.8,1522.1,1,0,1,299,10,8,255,71.1237,10.4716,0,31.8914,5.7162,1, "2021-08-06 [오후 1:30:03]: no comment"
"C:\Users\user\Desktop\210806\P14\DH5a_P14(1)_R.png", 1,1133.5,1505,1,0,1,443,12,8,255,54.0542,7.84424,0,22.0977,4.20702,1, "2021-08-06 [오후 1:30:03]: no comment"
"C:\Users\user\Desktop\210806\P14\DH5a_P14(1)_R.png", 1,1423.5,1464.5,1,0,1,254,9,8,255,56.4173,8.20866,0,22.0423,4.23365,1, "2021-08-06 [오후 1:30:03]: no comment"
"C:\Users\user\Desktop\210806\P14\DH5a_P14(1)_R.png", 1,703,1409.5,1,0,1,89,6,8,255,26.7865,3.69663,0,5.36398,1.70956,1, "2021-08-06 [오후 1:30:03]: no comment"
"C:\Users\user\Desktop\210806\P14\DH5a_P14(1)_R.png", 1,843.5,1374.5,1,0,1,490,13,8,255,81.7857,12.0898,0,37.5602,6.58168,1, "2021-08-06 [오후 1:30:03]: no comment"
"C:\Users\user\Desktop\210806\P14\DH5a_P14(1)_R.png", 1,365,1367.5,1,0,1,475,13,8,255,70.7453,10.4063,0,30.6524,5.55945,1, "2021-08-06 [오후 1:30:03]: no comment"
"C:\Users\user\Desktop\210806\P14\DH5a_P14(1)_R.png", 1,609.5,1355,1,0,1,326,11,8,255,59.9969,8.75767,0,23.5468,4.45695,1, "2021-08-06 [오후 1:30:03]: no comment"
"C:\Users\user\Desktop\210806\P14\DH5a_P14(1)_R.png", 1,656,1322,1,0,1,544,15,8,255,107.127,15.9761,0,37.4525,6.58798,1, "2021-08-06 [오후 1:30:03]: no comment"
"C:\Users\user\Desktop\210806\P14\DH5a_P14(1)_R.png", 1,858.155,1229.64,1,0,1,289,10,8,255,54.1349,7.86505,0,22.0903,4.21746,1, "2021-08-06 [오후 1:30:03]: no comment"
"C:\Users\user\Desktop\210806\P14\DH5a_P14(1)_R.png", 1,803.35,1219.05,1,0,1,582,14,8,255,89.5773,13.3007,0,40.2137,7.00578,1, "2021-08-06 [오후 1:30:03]: no comment"
"C:\Users\user\Desktop\210806\P14\DH5a_P14(1)_R.png", 1,1066.5,1210.5,1,0,1,283,10,8,255,43.9788,6.31802,0,14.9365,3.12455,1, "2021-08-06 [오후 1:30:03]: no comment"
"C:\Users\user\Desktop\210806\P14\DH5a_P14(1)_R.png", 1,643,1205,1,0,1,337,10,8,255,62.2938,9.12463,0,25.121,4.69809,1, "2021-08-06 [오후 1:30:03]: no comment"
"C:\Users\user\Desktop\210806\P14\DH5a_P14(1)_R.png", 1,548,1185,1,0,1,340,11,8,255,86.9176,12.8941,0,37.313,6.54929,1, "2021-08-06 [오후 1:30:03]: no comment"
"C:\Users\user\Desktop\210806\P14\DH5a_P14(1)_R.png", 1,1059,1183.5,1,0,1,433,12,8,255,70.1316,10.3164,0,29.6654,5.38706,1, "2021-08-06 [오후 1:30:03]: no comment"
"C:\Users\user\Desktop\210806\P14\DH5a_P14(1)_R.png", 1,739.95,1177.85,1,0,1,534,14,8,255,88.4232,13.0824,0,39.2252,6.85825,1, "2021-08-06 [오후 1:30:03]: no comment"
"C:\Users\user\Desktop\210806\P14\DH5a_P14(1)_R.png", 1,538.5,1164.5,1,0,1,330,11,8,255,67.2667,9.85152,0,26.0816,4.82485,1, "2021-08-06 [오후 1:30:03]: no comment"
"C:\Users\user\Desktop\210806\P14\DH5a_P14(1)_R.png", 1,782.177,1159.29,1,0,1,533,14,8,255,90.9662,13.4747,0,40.2952,7.02292,1, "2021-08-06 [오후 1:30:03]: no comment"
"C:\Users\user\Desktop\210806\P14\DH5a_P14(1)_R.png", 1,647.75,1134.25,1,0,1,185,8,8,255,41.8865,5.98919,0,14.2442,2.99456,1, "2021-08-06 [오후 1:30:03]: no comment"
"C:\Users\user\Desktop\210806\P14\DH5a_P14(1)_R.png", 1,597.25,1133.75,1,0,1,369,11,8,255,73.5799,10.8645,0,30.7145,5.55179,1, "2021-08-06 [오후 1:30:03]: no comment"
"C:\Users\user\Desktop\210806\P14\DH5a_P14(1)_R.png", 1,821.5,1125,1,0,1,472,13,8,255,77.7373,11.4682,0,34.0601,6.02146,1, "2021-08-06 [오후 1:30:03]: no comment"
"C:\Users\user\Desktop\210806\P14\DH5a_P14(1)_R.png", 1,525.75,1109.75,1,0,1,422,12,10,255,65.0166,9.51422,0,26.7373,4.94915,1, "2021-08-06 [오후 1:30:03]: no comment"
"C:\Users\user\Desktop\210806\P14\DH5a_P14(1)_R.png", 1,953,1097,1,0,1,400,12,8,255,63.3875,9.2775,0,27.1315,5.01815,1, "2021-08-06 [오후 1:30:03]: no comment"
"C:\Users\user\Desktop\210806\P14\DH5a_P14(1)_R.png", 1,1087.16,1064.64,1,0,1,350,11,8,255,49.7971,7.19143,0,19.6332,3.85065,1, "2021-08-06 [오후 1:30:03]: no comment"
"C:\Users\user\Desktop\210806\P14\DH5a_P14(1)_R.png", 1,670,1063.5,1,0,1,557,14,8,255,97.1921,14.4345,0,43.653,7.51705,1, "2021-08-06 [오후 1:30:03]: no comment"
"C:\Users\user\Desktop\210806\P14\DH5a_P14(1)_R.png", 1,1326.7,1037.4,1,0,1,585,14,8,255,75.812,11.1897,0,34.1464,6.05118,1, "2021-08-06 [오후 1:30:03]: no comment"
"C:\Users\user\Desktop\210806\P14\DH5a_P14(1)_R.png", 1,666.765,1020.94,1,0,1,452,12,8,255,81.2677,12.0133,0,35.6929,6.2919,1, "2021-08-06 [오후 1:30:03]: no comment"
"C:\Users\user\Desktop\210806\P14\DH5a_P14(1)_R.png", 1,809.75,1018.75,1,0,1,587,14,8,255,83.7325,12.3884,0,38.2733,6.69429,1, "2021-08-06 [오후 1:30:03]: no comment"
"C:\Users\user\Desktop\210806\P14\DH5a_P14(1)_R.png", 1,509.5,1014.5,1,0,1,476,13,8,255,69.6513,10.2479,0,30.1117,5.46479,1, "2021-08-06 [오후 1:30:03]: no comment"
"C:\Users\user\Desktop\210806\P14\DH5a_P14(1)_R.png", 1,671.5,972,1,0,1,477,13,10,255,79.5807,11.7275,0,34.1614,6.08101,1, "2021-08-06 [오후 1:30:03]: no comment"
"C:\Users\user\Desktop\210806\P14\DH5a_P14(1)_R.png", 1,825,920,1,0,1,333,11,8,255,62.7988,9.18018,0,25.0794,4.6692,1, "2021-08-06 [오후 1:30:03]: no comment"
"C:\Users\user\Desktop\210806\P14\DH5a_P14(1)_R.png", 1,805,906,1,0,1,252,10,10,255,59.4722,8.69048,0,21.7409,4.14583,1, "2021-08-06 [오후 1:30:03]: no comment"
"C:\Users\user\Desktop\210806\P14\DH5a_P14(1)_R.png", 1,827.077,881.885,1,0,1,531,13,10,255,78.4256,11.5951,0,33.9304,6.06455,1, "2021-08-06 [오후 1:30:03]: no comment"
"C:\Users\user\Desktop\210806\P14\DH5a_P14(1)_R.png", 1,786,876.5,1,0,1,374,11,10,255,65.5481,9.6123,0,26.6986,4.94981,1, "2021-08-06 [오후 1:30:03]: no comment"
"C:\Users\user\Desktop\210806\P14\DH5a_P14(1)_R.png", 1,776.5,819.5,1,0,1,236,9,8,255,47.0381,6.7839,0,17.0339,3.45293,1, "2021-08-06 [오후 1:30:03]: no comment"
"C:\Users\user\Desktop\210806\P14\DH5a_P14(1)_R.png", 1,561.5,732,1,0,1,460,13,10,255,85.0043,12.5957,0,40.2239,6.99543,1, "2021-08-06 [오후 1:30:03]: no comment"
"C:\Users\user\Desktop\210806\P14\DH5a_P14(1)_R.png", 1,688.9,705.3,1,0,1,473,13,8,255,66.685,9.78436,0,29.4823,5.36786,1, "2021-08-06 [오후 1:30:03]: no comment"
"C:\Users\user\Desktop\210806\P14\DH5a_P14(1)_R.png", 1,1005.75,682.25,1,0,1,707,15,8,255,88.7313,13.133,0,42.3697,7.32495,1, "2021-08-06 [오후 1:30:03]: no comment"
"C:\Users\user\Desktop\210806\P14\DH5a_P14(1)_R.png", 1,1256.75,630.75,1,0,1,467,12,8,255,75.3148,11.1199,0,34.0564,6.02782,1, "2021-08-06 [오후 1:30:03]: no comment"
"C:\Users\user\Desktop\210806\P14\DH5a_P14(1)_R.png", 1,599.354,597.009,1,0,1,425,12,8,255,68.4071,10.0518,0,29.4405,5.3383,1, "2021-08-06 [오후 1:30:03]: no comment"
"C:\Users\user\Desktop\210806\P14\DH5a_P14(1)_R.png", 1,618.769,477.154,1,0,1,241,9,8,255,44.7676,6.42324,0,15.8082,3.26358,1, "2021-08-06 [오후 1:30:03]: no comment"
"C:\Users\user\Desktop\210806\P14\DH5a_P14(1)_R.png", 1,569.239,451.408,1,0,1,689,16,8,255,71.1669,10.4862,0,33.1715,5.90373,1, "2021-08-06 [오후 1:30:03]: no comment"
"C:\Users\user\Desktop\210806\P14\DH5a_P14(1)_R.png", 1,682.5,387.5,1,0,1,240,9,8,255,46.7417,6.71667,0,16.8871,3.41931,1, "2021-08-06 [오후 1:30:03]: no comment"
"C:\Users\user\Desktop\210806\P14\DH5a_P14(1)_R.png", 1,854.172,308.569,1,0,1,559,14,8,255,54.8229,7.97496,0,22.9103,4.3618,1, "2021-08-06 [오후 1:30:03]: no comment"
"C:\Users\user\Desktop\210806\P14\DH5a_P14(1)_R.png", 1,1075,212.5,1,0,1,377,12,8,255,60.6605,8.86737,0,26.0643,4.81793,1, "2021-08-06 [오후 1:30:03]: no comment"
"C:\Users\user\Desktop\210806\P14\DH5a_P14(1)_R.png", 1,1384.5,176.5,1,0,1,307,10,8,255,76.873,11.342,0,31.4706,5.66922,1, "2021-08-06 [오후 1:30:03]: no comment"
"C:\Users\user\Desktop\210806\P14\DH5a_P14(1)_R.png", 1,914.75,104.25,1,0,1,185,8,8,255,57.6378,8.36757,0,27.0862,4.97084,1, "2021-08-06 [오후 1:30:03]: no comment"
"C:\Users\user\Desktop\210806\P14\DH5a_P14(1)_R.png", 1,584,91.5,1,0,1,397,11,8,255,58.0025,8.46096,0,24.4199,4.56609,1, "2021-08-06 [오후 1:30:03]: no comment"
"C:\Users\user\Desktop\210806\P14\DH5a_P14(2)_G.png", 1,784,1243.5,1,0,2,245,10,88,255,24.4204,44.5592,0,2.0608,2.98401,1, "2021-08-06 [오후 1:30:04]: no comment"
"C:\Users\user\Desktop\210806\P14\DH5a_P14(2)_G.png", 1,1289.92,1120.01,1,0,2,118,7,86,255,30.9237,56.3475,0,4.80044,7.89925,1, "2021-08-06 [오후 1:30:04]: no comment"
"C:\Users\user\Desktop\210806\P14\DH5a_P14(2)_G.png", 1,1278.5,1105,1,0,2,451,12,88,255,45.0333,81.7827,0,12.5745,21.9266,1, "2021-08-06 [오후 1:30:04]: no comment"
"C:\Users\user\Desktop\210806\P14\DH5a_P14(2)_G.png", 1,1058.5,1046,1,0,2,221,9,86,255,43.6018,79.2217,0,11.7179,20.4462,1, "2021-08-06 [오후 1:30:04]: no comment"
"C:\Users\user\Desktop\210806\P14\DH5a_P14(2)_G.png", 1,1041.5,1039,1,0,2,420,12,86,255,64.9024,117.812,0,24.3403,43.2311,1, "2021-08-06 [오후 1:30:04]: no comment"
"C:\Users\user\Desktop\210806\P14\DH5a_P14(2)_G.png", 1,1256.87,1047.79,1,0,3,81,6,86,255,44.5432,80.8889,0,9.01703,15.4794,1, "2021-08-06 [오후 1:30:04]: no comment"
"C:\Users\user\Desktop\210806\P14\DH5a_P14(2)_G.png", 1,1269,1002.5,1,0,2,384,12,88,255,73.1589,132.711,0,25.787,45.8507,1, "2021-08-06 [오후 1:30:04]: no comment"
"C:\Users\user\Desktop\210806\P14\DH5a_P14(2)_G.png", 1,1257.5,986,1,0,2,330,11,88,255,68.2242,123.824,0,24.5369,43.5776,1, "2021-08-06 [오후 1:30:04]: no comment"
"C:\Users\user\Desktop\210806\P14\DH5a_P14(2)_G.png", 1,1113.5,943.5,1,0,3,126,7,88,255,35.3492,64.2857,0,7.60005,12.988,1, "2021-08-06 [오후 1:30:04]: no comment"
"C:\Users\user\Desktop\210806\P14\DH5a_P14(2)_G.png", 1,1124,937.5,1,0,3,92,6,88,255,40.0652,72.8913,0,6.32591,10.5933,1, "2021-08-06 [오후 1:30:04]: no comment"
"C:\Users\user\Desktop\210806\P14\DH5a_P14(2)_G.png", 1,1116.24,924.941,1,0,3,318,10,88,255,59.239,107.544,0,19.8684,35.0813,1, "2021-08-06 [오후 1:30:04]: no comment"
"C:\Users\user\Desktop\210806\P14\DH5a_P14(2)_G.png", 1,758.08,681.844,1,0,3,229,10,86,255,60.262,109.332,0,19.6829,34.7973,1, "2021-08-06 [오후 1:30:04]: no comment"
"C:\Users\user\Desktop\210806\P14\DH5a_P14(2)_G.png", 1,747.5,670.5,1,0,3,318,10,86,255,66.8868,121.352,0,19.8344,35.1345,1, "2021-08-06 [오후 1:30:04]: no comment"
"C:\Users\user\Desktop\210806\P14\DH5a_P14(2)_G.png", 1,764.75,660.25,1,0,3,345,11,88,255,70.2928,127.571,0,24.6515,43.765,1, "2021-08-06 [오후 1:30:04]: no comment"
"C:\Users\user\Desktop\210806\P14\DH5a_P14(2)_G.png", 1,341.5,12,1,0,5,53,5,88,255,8.01887,14.8679,0,1.30657,1.67398,1, "2021-08-06 [오후 1:30:04]: no comment"
"C:\Users\user\Desktop\210806\P14\DH5a_P14(2)_G.png", 1,355,5.5,1,0,5,89,6,88,255,8.2809,15.3371,0,1.65323,2.2715,1, "2021-08-06 [오후 1:30:04]: no comment"
"C:\Users\user\Desktop\210806\P14\DH5a_P14(2)_G.png", 1,368,1509.5,1,0,1,381,12,86,255,63.895,115.932,0,25.6228,45.5144,1, "2021-08-06 [오후 1:30:04]: no comment"
"C:\Users\user\Desktop\210806\P14\DH5a_P14(2)_G.png", 1,46.65,1503.45,1,0,1,141,7,86,255,34.7163,63.1844,0,7.61433,12.9808,1, "2021-08-06 [오후 1:30:04]: no comment"
"C:\Users\user\Desktop\210806\P14\DH5a_P14(2)_G.png", 1,1394.5,1459.5,1,0,1,261,9,88,255,59.2031,107.548,0,24.1128,42.7632,1, "2021-08-06 [오후 1:30:04]: no comment"
"C:\Users\user\Desktop\210806\P14\DH5a_P14(2)_G.png", 1,1068,1450.5,1,0,1,291,10,88,255,43.4811,79.1168,0,14.5561,25.515,1, "2021-08-06 [오후 1:30:04]: no comment"
"C:\Users\user\Desktop\210806\P14\DH5a_P14(2)_G.png", 1,1516.5,1389,1,0,1,322,11,86,255,53.5466,97.2516,0,20.4858,36.1965,1, "2021-08-06 [오후 1:30:04]: no comment"
"C:\Users\user\Desktop\210806\P14\DH5a_P14(2)_G.png", 1,804.819,1300.92,1,0,1,598,14,88,255,64.3177,116.778,0,27.0868,48.1726,1, "2021-08-06 [오후 1:30:04]: no comment"
"C:\Users\user\Desktop\210806\P14\DH5a_P14(2)_G.png", 1,968.5,1264.5,1,0,1,325,10,88,255,48.3415,87.88,0,16.7362,29.4301,1, "2021-08-06 [오후 1:30:04]: no comment"
"C:\Users\user\Desktop\210806\P14\DH5a_P14(2)_G.png", 1,543.5,1246,1,0,1,419,12,86,255,53.1146,96.4391,0,20.4407,36.1506,1, "2021-08-06 [오후 1:30:04]: no comment"
"C:\Users\user\Desktop\210806\P14\DH5a_P14(2)_G.png", 1,1005.5,1225.5,1,0,1,360,11,88,255,55.0278,99.9528,0,20.7751,36.7969,1, "2021-08-06 [오후 1:30:04]: no comment"
"C:\Users\user\Desktop\210806\P14\DH5a_P14(2)_G.png", 1,1735,1190.5,1,0,1,243,9,88,255,49.8971,90.6255,0,17.4648,30.7188,1, "2021-08-06 [오후 1:30:04]: no comment"
"C:\Users\user\Desktop\210806\P14\DH5a_P14(2)_G.png", 1,581.5,1189.5,1,0,1,236,9,86,255,40.9068,74.3559,0,13.0676,22.7846,1, "2021-08-06 [오후 1:30:04]: no comment"
"C:\Users\user\Desktop\210806\P14\DH5a_P14(2)_G.png", 1,1351.5,1178,1,0,1,424,12,86,255,62.7948,113.91,0,24.7068,43.8627,1, "2021-08-06 [오후 1:30:04]: no comment"
"C:\Users\user\Desktop\210806\P14\DH5a_P14(2)_G.png", 1,771.769,1173.85,1,0,1,406,12,88,255,57.3054,104.057,0,21.3333,37.7766,1, "2021-08-06 [오후 1:30:04]: no comment"
"C:\Users\user\Desktop\210806\P14\DH5a_P14(2)_G.png", 1,1397.75,1171.25,1,0,1,300,10,88,255,48.32,87.79,0,16.8402,29.6888,1, "2021-08-06 [오후 1:30:04]: no comment"
"C:\Users\user\Desktop\210806\P14\DH5a_P14(2)_G.png", 1,847.5,1150.5,1,0,1,156,7,88,255,44.2885,80.4295,0,11.5757,20.1586,1, "2021-08-06 [오후 1:30:04]: no comment"
"C:\Users\user\Desktop\210806\P14\DH5a_P14(2)_G.png", 1,1222,1154,1,0,1,420,12,86,255,64.5143,117.067,0,25.3762,45.0812,1, "2021-08-06 [오후 1:30:04]: no comment"
"C:\Users\user\Desktop\210806\P14\DH5a_P14(2)_G.png", 1,867,1148,1,0,1,118,7,88,255,34.8644,63.5254,0,7.95983,13.5757,1, "2021-08-06 [오후 1:30:04]: no comment"
"C:\Users\user\Desktop\210806\P14\DH5a_P14(2)_G.png", 1,825.294,1155.18,1,0,1,512,13,86,255,76.3262,138.428,0,30.926,55.1443,1, "2021-08-06 [오후 1:30:04]: no comment"
"C:\Users\user\Desktop\210806\P14\DH5a_P14(2)_G.png", 1,210.5,1149,1,0,1,408,12,86,255,65.5637,118.971,0,26.8593,47.7156,1, "2021-08-06 [오후 1:30:04]: no comment"
"C:\Users\user\Desktop\210806\P14\DH5a_P14(2)_G.png", 1,1251.5,1109,1,0,1,223,9,88,255,51.4709,93.4619,0,16.3269,28.7399,1, "2021-08-06 [오후 1:30:04]: no comment"
"C:\Users\user\Desktop\210806\P14\DH5a_P14(2)_G.png", 1,1231,1104,1,0,1,280,10,86,255,55.5679,100.864,0,18.8484,33.3457,1, "2021-08-06 [오후 1:30:04]: no comment"
"C:\Users\user\Desktop\210806\P14\DH5a_P14(2)_G.png", 1,1015.5,1068.5,1,0,1,263,9,88,255,44.2395,80.3726,0,14.1978,24.8619,1, "2021-08-06 [오후 1:30:04]: no comment"
"C:\Users\user\Desktop\210806\P14\DH5a_P14(2)_G.png", 1,866.25,1057.75,1,0,1,321,10,88,255,57.4424,104.274,0,20.7439,36.7254,1, "2021-08-06 [오후 1:30:04]: no comment"
"C:\Users\user\Desktop\210806\P14\DH5a_P14(2)_G.png", 1,991,1030,1,0,1,279,10,86,255,50.7957,92.2258,0,17.1242,30.2093,1, "2021-08-06 [오후 1:30:04]: no comment"
"C:\Users\user\Desktop\210806\P14\DH5a_P14(2)_G.png", 1,865.5,1024,1,0,1,507,13,86,255,76.574,138.897,0,28.8595,51.4149,1, "2021-08-06 [오후 1:30:04]: no comment"
"C:\Users\user\Desktop\210806\P14\DH5a_P14(2)_G.png", 1,1333.5,1017.5,1,0,1,256,9,88,255,43.2813,78.6523,0,13.8135,24.1967,1, "2021-08-06 [오후 1:30:04]: no comment"
"C:\Users\user\Desktop\210806\P14\DH5a_P14(2)_G.png", 1,627.25,1012.75,1,0,1,448,12,86,255,58.8661,106.853,0,23.3692,41.4331,1, "2021-08-06 [오후 1:30:04]: no comment"
"C:\Users\user\Desktop\210806\P14\DH5a_P14(2)_G.png", 1,833.721,991.132,1,0,1,347,11,88,255,56.1729,102.023,0,20.4152,36.0966,1, "2021-08-06 [오후 1:30:04]: no comment"
"C:\Users\user\Desktop\210806\P14\DH5a_P14(2)_G.png", 1,1277,984,1,0,1,126,7,88,255,45.4127,82.5952,0,12.4214,21.6148,1, "2021-08-06 [오후 1:30:04]: no comment"
"C:\Users\user\Desktop\210806\P14\DH5a_P14(2)_G.png", 1,977.5,977,1,0,1,387,11,88,255,56.2687,102.171,0,20.9008,36.9801,1, "2021-08-06 [오후 1:30:04]: no comment"
"C:\Users\user\Desktop\210806\P14\DH5a_P14(2)_G.png", 1,1141.5,950.5,1,0,1,371,11,86,255,56.628,102.811,0,20.6126,36.4386,1, "2021-08-06 [오후 1:30:04]: no comment"
"C:\Users\user\Desktop\210806\P14\DH5a_P14(2)_G.png", 1,1081.88,944.53,1,0,1,363,11,86,255,53.7328,97.5427,0,19.2611,34.0281,1, "2021-08-06 [오후 1:30:04]: no comment"
"C:\Users\user\Desktop\210806\P14\DH5a_P14(2)_G.png", 1,850.5,946,1,0,1,457,13,86,255,63.733,115.702,0,25.1027,44.6119,1, "2021-08-06 [오후 1:30:04]: no comment"
"C:\Users\user\Desktop\210806\P14\DH5a_P14(2)_G.png", 1,1142.75,917.75,1,0,1,417,12,86,255,60.1871,109.233,0,22.3931,39.7002,1, "2021-08-06 [오후 1:30:04]: no comment"
"C:\Users\user\Desktop\210806\P14\DH5a_P14(2)_G.png", 1,1618,899.5,1,0,1,89,6,88,255,28.9438,52.7528,0,5.40979,8.91284,1, "2021-08-06 [오후 1:30:04]: no comment"
"C:\Users\user\Desktop\210806\P14\DH5a_P14(2)_G.png", 1,814.5,891.5,1,0,1,256,9,86,255,44.7773,81.4297,0,13.9525,24.3794,1, "2021-08-06 [오후 1:30:04]: no comment"
"C:\Users\user\Desktop\210806\P14\DH5a_P14(2)_G.png", 1,791.882,890.471,1,0,1,315,11,86,255,52.6984,95.746,0,17.7802,31.3398,1, "2021-08-06 [오후 1:30:04]: no comment"
"C:\Users\user\Desktop\210806\P14\DH5a_P14(2)_G.png", 1,1171,889,1,0,1,358,11,88,255,49.8939,90.6927,0,17.629,31.0239,1, "2021-08-06 [오후 1:30:04]: no comment"
"C:\Users\user\Desktop\210806\P14\DH5a_P14(2)_G.png", 1,548.159,862.573,1,0,1,404,12,88,255,52.052,94.5198,0,19.8322,34.999,1, "2021-08-06 [오후 1:30:04]: no comment"
"C:\Users\user\Desktop\210806\P14\DH5a_P14(2)_G.png", 1,1612,842,1,0,1,140,7,88,255,72.4143,131.264,0,31.4727,56.0847,1, "2021-08-06 [오후 1:30:04]: no comment"
"C:\Users\user\Desktop\210806\P14\DH5a_P14(2)_G.png", 1,1047.75,837.25,1,0,1,282,10,86,255,49.5957,90.0532,0,16.8138,29.5651,1, "2021-08-06 [오후 1:30:04]: no comment"
"C:\Users\user\Desktop\210806\P14\DH5a_P14(2)_G.png", 1,1549.5,835.5,1,0,1,340,12,88,255,61.0941,110.9,0,23.3507,41.3828,1, "2021-08-06 [오후 1:30:04]: no comment"
"C:\Users\user\Desktop\210806\P14\DH5a_P14(2)_G.png", 1,1585,829.5,1,0,1,310,11,86,255,57.7323,104.829,0,21.3129,37.7297,1, "2021-08-06 [오후 1:30:04]: no comment"
"C:\Users\user\Desktop\210806\P14\DH5a_P14(2)_G.png", 1,1136,819,1,0,1,50,5,86,255,25.76,46.94,0,4.10844,6.73554,1, "2021-08-06 [오후 1:30:04]: no comment"
"C:\Users\user\Desktop\210806\P14\DH5a_P14(2)_G.png", 1,1379.5,812,1,0,1,460,13,88,255,65.9913,119.737,0,26.9963,48.0139,1, "2021-08-06 [오후 1:30:04]: no comment"
"C:\Users\user\Desktop\210806\P14\DH5a_P14(2)_G.png", 1,1090,803,1,0,1,148,8,86,255,29.7973,54.2905,0,6.82163,11.5889,1, "2021-08-06 [오후 1:30:04]: no comment"
"C:\Users\user\Desktop\210806\P14\DH5a_P14(2)_G.png", 1,1120.35,798.731,1,0,1,453,12,86,255,61.9139,112.364,0,24.8082,44.0564,1, "2021-08-06 [오후 1:30:04]: no comment"
"C:\Users\user\Desktop\210806\P14\DH5a_P14(2)_G.png", 1,889.5,749,1,0,1,349,11,88,255,51.4556,93.4327,0,17.4371,30.7585,1, "2021-08-06 [오후 1:30:04]: no comment"
"C:\Users\user\Desktop\210806\P14\DH5a_P14(2)_G.png", 1,257.9,748.2,1,0,1,343,10,86,255,52.8251,95.895,0,19.8269,35.0307,1, "2021-08-06 [오후 1:30:04]: no comment"
"C:\Users\user\Desktop\210806\P14\DH5a_P14(2)_G.png", 1,1106,732,1,0,1,291,10,86,255,45.6014,82.811,0,15.0954,26.4872,1, "2021-08-06 [오후 1:30:04]: no comment"
"C:\Users\user\Desktop\210806\P14\DH5a_P14(2)_G.png", 1,899.882,723.029,1,0,1,576,15,88,255,73.1997,132.75,0,28.9511,51.5313,1, "2021-08-06 [오후 1:30:04]: no comment"
"C:\Users\user\Desktop\210806\P14\DH5a_P14(2)_G.png", 1,447,719,1,0,1,419,12,88,255,57.105,103.661,0,22.2372,39.4047,1, "2021-08-06 [오후 1:30:04]: no comment"
"C:\Users\user\Desktop\210806\P14\DH5a_P14(2)_G.png", 1,1442.5,700,1,0,1,410,12,86,255,64.1195,116.322,0,25.4849,45.3139,1, "2021-08-06 [오후 1:30:04]: no comment"
"C:\Users\user\Desktop\210806\P14\DH5a_P14(2)_G.png", 1,1177,662,1,0,1,423,12,86,255,61.9645,112.468,0,24.8059,44.0467,1, "2021-08-06 [오후 1:30:04]: no comment"
"C:\Users\user\Desktop\210806\P14\DH5a_P14(2)_G.png", 1,1085.4,639.974,1,0,1,423,12,86,255,60.1395,109.128,0,23.2538,41.2668,1, "2021-08-06 [오후 1:30:04]: no comment"
"C:\Users\user\Desktop\210806\P14\DH5a_P14(2)_G.png", 1,1170.25,629.25,1,0,1,191,8,88,255,34.0681,62.0733,0,8.91913,15.3412,1, "2021-08-06 [오후 1:30:04]: no comment"
"C:\Users\user\Desktop\210806\P14\DH5a_P14(2)_G.png", 1,1103.95,621.85,1,0,1,295,10,86,255,52.9085,96.061,0,17.3625,30.663,1, "2021-08-06 [오후 1:30:04]: no comment"
"C:\Users\user\Desktop\210806\P14\DH5a_P14(2)_G.png", 1,1107.5,582,1,0,1,426,12,86,255,53.108,96.4343,0,20.061,35.434,1, "2021-08-06 [오후 1:30:04]: no comment"
"C:\Users\user\Desktop\210806\P14\DH5a_P14(2)_G.png", 1,932.75,582.75,1,0,1,490,13,86,255,66.5735,120.847,0,26.5898,47.2458,1, "2021-08-06 [오후 1:30:04]: no comment"
"C:\Users\user\Desktop\210806\P14\DH5a_P14(2)_G.png", 1,387.5,572,1,0,1,359,11,88,255,50.4095,91.6072,0,18.4837,32.6274,1, "2021-08-06 [오후 1:30:04]: no comment"
"C:\Users\user\Desktop\210806\P14\DH5a_P14(2)_G.png", 1,737.5,564,1,0,1,400,12,86,255,53.6825,97.47,0,20.0375,35.3559,1, "2021-08-06 [오후 1:30:04]: no comment"
"C:\Users\user\Desktop\210806\P14\DH5a_P14(2)_G.png", 1,1742.5,555.5,1,0,1,281,10,86,255,63.8648,115.904,0,24.8926,44.2319,1, "2021-08-06 [오후 1:30:04]: no comment"
"C:\Users\user\Desktop\210806\P14\DH5a_P14(2)_G.png", 1,892.75,557.25,1,0,1,569,14,88,255,72.1371,130.865,0,30.3193,54.0186,1, "2021-08-06 [오후 1:30:04]: no comment"
"C:\Users\user\Desktop\210806\P14\DH5a_P14(2)_G.png", 1,1044.25,522.75,1,0,1,347,11,86,255,47.8703,86.951,0,17.0156,29.9278,1, "2021-08-06 [오후 1:30:04]: no comment"
"C:\Users\user\Desktop\210806\P14\DH5a_P14(2)_G.png", 1,1234,510,1,0,1,189,8,86,255,22.7354,41.3545,0,1.72291,2.25409,1, "2021-08-06 [오후 1:30:04]: no comment"
"C:\Users\user\Desktop\210806\P14\DH5a_P14(2)_G.png", 1,162.029,507.382,1,0,1,465,13,86,255,62.5247,113.473,0,25.6193,45.5416,1, "2021-08-06 [오후 1:30:04]: no comment"
"C:\Users\user\Desktop\210806\P14\DH5a_P14(2)_G.png", 1,1253,484,1,0,1,289,10,86,255,46.9031,85.2422,0,16.3955,28.8423,1, "2021-08-06 [오후 1:30:04]: no comment"
"C:\Users\user\Desktop\210806\P14\DH5a_P14(2)_G.png", 1,789.75,472.25,1,0,1,402,12,86,255,54.7836,99.4801,0,21.1419,37.419,1, "2021-08-06 [오후 1:30:04]: no comment"
"C:\Users\user\Desktop\210806\P14\DH5a_P14(2)_G.png", 1,271.5,407.5,1,0,1,406,11,88,255,53.3793,96.9261,0,20.9854,37.1465,1, "2021-08-06 [오후 1:30:04]: no comment"
"C:\Users\user\Desktop\210806\P14\DH5a_P14(2)_G.png", 1,932.8,390.9,1,0,1,325,10,86,255,50.84,92.3231,0,18.1685,31.9928,1, "2021-08-06 [오후 1:30:04]: no comment"
"C:\Users\user\Desktop\210806\P14\DH5a_P14(2)_G.png", 1,920.5,370,1,0,1,245,9,88,255,39.3224,71.5224,0,10.2537,17.7416,1, "2021-08-06 [오후 1:30:04]: no comment"
"C:\Users\user\Desktop\210806\P14\DH5a_P14(2)_G.png", 1,908.75,232.25,1,0,1,134,7,86,255,29.8134,54.2761,0,6.07727,10.0903,1, "2021-08-06 [오후 1:30:04]: no comment"
"C:\Users\user\Desktop\210806\P14\DH5a_P14(2)_G.png", 1,925.529,172.882,1,0,1,497,12,86,255,55.5775,100.893,0,21.5673,38.1995,1, "2021-08-06 [오후 1:30:04]: no comment"
"C:\Users\user\Desktop\210806\P14\DH5a_P14(2)_R.png", 1,768.973,1245.73,1,0,2,372,12,8,255,95.7151,14.2016,0,39.5685,6.91378,1, "2021-08-06 [오후 1:30:06]: no comment"
"C:\Users\user\Desktop\210806\P14\DH5a_P14(2)_R.png", 1,785.225,1243.08,1,0,2,345,13,8,255,94.5623,14.0406,0,39.569,6.9054,1, "2021-08-06 [오후 1:30:06]: no comment"
"C:\Users\user\Desktop\210806\P14\DH5a_P14(2)_R.png", 1,1289.2,1119.9,1,0,2,163,8,10,255,58.7853,8.58282,0,19.6987,3.89873,1, "2021-08-06 [오후 1:30:06]: no comment"
"C:\Users\user\Desktop\210806\P14\DH5a_P14(2)_R.png", 1,1278,1105.5,1,0,2,541,14,8,255,106.697,15.8854,0,45.5403,7.8015,1, "2021-08-06 [오후 1:30:06]: no comment"
"C:\Users\user\Desktop\210806\P14\DH5a_P14(2)_R.png", 1,1059,1045,1,0,2,222,9,8,255,58.0856,8.46847,0,17.3926,3.51238,1, "2021-08-06 [오후 1:30:06]: no comment"
"C:\Users\user\Desktop\210806\P14\DH5a_P14(2)_R.png", 1,1041,1039,1,0,2,477,13,8,255,80.5304,11.8826,0,32.8942,5.86924,1, "2021-08-06 [오후 1:30:06]: no comment"
"C:\Users\user\Desktop\210806\P14\DH5a_P14(2)_R.png", 1,1257,1041,1,0,2,219,11,10,255,78.8447,11.6438,0,27.1341,5.01835,1, "2021-08-06 [오후 1:30:06]: no comment"
"C:\Users\user\Desktop\210806\P14\DH5a_P14(2)_R.png", 1,1246.06,1033.19,1,0,2,258,11,8,255,76.5814,11.345,0,29.4878,5.35547,1, "2021-08-06 [오후 1:30:06]: no comment"
"C:\Users\user\Desktop\210806\P14\DH5a_P14(2)_R.png", 1,1269.5,1003,1,0,3,427,12,8,255,90.9742,13.4801,0,34.5157,6.12389,1, "2021-08-06 [오후 1:30:06]: no comment"
"C:\Users\user\Desktop\210806\P14\DH5a_P14(2)_R.png", 1,1256.43,985.828,1,0,3,377,12,10,255,85.1353,12.5995,0,33.4637,5.9658,1, "2021-08-06 [오후 1:30:06]: no comment"
"C:\Users\user\Desktop\210806\P14\DH5a_P14(2)_R.png", 1,1277.5,984.5,1,0,3,155,7,8,255,55.4839,8.05806,0,18.0806,3.60827,1, "2021-08-06 [오후 1:30:06]: no comment"
"C:\Users\user\Desktop\210806\P14\DH5a_P14(2)_R.png", 1,1114,943,1,0,3,78,6,8,255,69.1795,10.1923,0,11.3338,2.60174,1, "2021-08-06 [오후 1:30:06]: no comment"
"C:\Users\user\Desktop\210806\P14\DH5a_P14(2)_R.png", 1,1124,937.5,1,0,3,89,6,8,255,71.2584,10.4494,0,10.6005,2.45348,1, "2021-08-06 [오후 1:30:06]: no comment"
"C:\Users\user\Desktop\210806\P14\DH5a_P14(2)_R.png", 1,1117,925,1,0,3,261,10,8,255,89.1839,13.2375,0,22.5046,4.32255,1, "2021-08-06 [오후 1:30:06]: no comment"
"C:\Users\user\Desktop\210806\P14\DH5a_P14(2)_R.png", 1,1063,870,1,0,2,92,6,8,255,37.4348,5.31522,0,8.63331,2.18807,1, "2021-08-06 [오후 1:30:06]: no comment"
"C:\Users\user\Desktop\210806\P14\DH5a_P14(2)_R.png", 1,749.5,673.5,1,0,2,478,15,8,255,87.0523,12.8828,0,27.291,5.05698,1, "2021-08-06 [오후 1:30:06]: no comment"
"C:\Users\user\Desktop\210806\P14\DH5a_P14(2)_R.png", 1,764.5,660.5,1,0,2,398,12,10,255,86.0829,12.7487,0,33.346,5.9487,1, "2021-08-06 [오후 1:30:06]: no comment"
"C:\Users\user\Desktop\210806\P14\DH5a_P14(2)_R.png", 1,368.017,1509.79,1,0,1,465,13,8,255,73.7656,10.8839,0,33.5545,5.97039,1, "2021-08-06 [오후 1:30:06]: no comment"
"C:\Users\user\Desktop\210806\P14\DH5a_P14(2)_R.png", 1,46.5,1504,1,0,1,167,8,8,255,50.4371,7.28743,0,18.071,3.65615,1, "2021-08-06 [오후 1:30:06]: no comment"
"C:\Users\user\Desktop\210806\P14\DH5a_P14(2)_R.png", 1,1394,1459.5,1,0,1,308,10,8,255,66.7792,9.80519,0,29.5909,5.35081,1, "2021-08-06 [오후 1:30:06]: no comment"
"C:\Users\user\Desktop\210806\P14\DH5a_P14(2)_R.png", 1,1068,1450.5,1,0,1,323,11,8,255,54.4149,7.90402,0,20.7729,4.03948,1, "2021-08-06 [오후 1:30:06]: no comment"
"C:\Users\user\Desktop\210806\P14\DH5a_P14(2)_R.png", 1,1517.25,1388.75,1,0,1,356,12,8,255,63.6657,9.31461,0,26.3581,4.88051,1, "2021-08-06 [오후 1:30:06]: no comment"
"C:\Users\user\Desktop\210806\P14\DH5a_P14(2)_R.png", 1,805.5,1301,1,0,1,672,15,10,255,78.7173,11.6265,0,34.9281,6.2072,1, "2021-08-06 [오후 1:30:06]: no comment"
"C:\Users\user\Desktop\210806\P14\DH5a_P14(2)_R.png", 1,968,1265,1,0,1,362,11,8,255,61.0138,8.90608,0,23.5733,4.45084,1, "2021-08-06 [오후 1:30:06]: no comment"
"C:\Users\user\Desktop\210806\P14\DH5a_P14(2)_R.png", 1,543.5,1246.5,1,0,1,482,13,8,255,68.1888,10,0,28.7126,5.25241,1, "2021-08-06 [오후 1:30:06]: no comment"
"C:\Users\user\Desktop\210806\P14\DH5a_P14(2)_R.png", 1,1006,1225.5,1,0,1,422,12,8,255,66.9479,9.85782,0,28.7761,5.23746,1, "2021-08-06 [오후 1:30:06]: no comment"
"C:\Users\user\Desktop\210806\P14\DH5a_P14(2)_R.png", 1,1735.27,1191.35,1,0,1,280,10,10,255,59.3679,8.62857,0,23.396,4.41706,1, "2021-08-06 [오후 1:30:06]: no comment"
"C:\Users\user\Desktop\210806\P14\DH5a_P14(2)_R.png", 1,582,1189.5,1,0,1,291,10,8,255,49.6186,7.16838,0,18.7654,3.70722,1, "2021-08-06 [오후 1:30:06]: no comment"
"C:\Users\user\Desktop\210806\P14\DH5a_P14(2)_R.png", 1,1351.7,1178.6,1,0,1,487,13,8,255,74.8029,11.0472,0,32.7444,5.84925,1, "2021-08-06 [오후 1:30:06]: no comment"
"C:\Users\user\Desktop\210806\P14\DH5a_P14(2)_R.png", 1,771.815,1173.98,1,0,1,466,13,8,255,68.7747,10.0751,0,29.2531,5.32191,1, "2021-08-06 [오후 1:30:06]: no comment"
"C:\Users\user\Desktop\210806\P14\DH5a_P14(2)_R.png", 1,1397.92,1170.88,1,0,1,325,11,8,255,61.9046,9.07692,0,24.4147,4.609,1, "2021-08-06 [오후 1:30:06]: no comment"
"C:\Users\user\Desktop\210806\P14\DH5a_P14(2)_R.png", 1,847.5,1150.5,1,0,1,161,7,8,255,56.764,8.24224,0,17.061,3.48168,1, "2021-08-06 [오후 1:30:06]: no comment"
"C:\Users\user\Desktop\210806\P14\DH5a_P14(2)_R.png", 1,1221.5,1154.5,1,0,1,481,13,8,255,77.2599,11.4033,0,32.9301,5.88448,1, "2021-08-06 [오후 1:30:06]: no comment"
"C:\Users\user\Desktop\210806\P14\DH5a_P14(2)_R.png", 1,867,1148,1,0,1,131,7,8,255,41.2977,5.90076,0,11.4448,2.58646,1, "2021-08-06 [오후 1:30:06]: no comment"
"C:\Users\user\Desktop\210806\P14\DH5a_P14(2)_R.png", 1,825.5,1155,1,0,1,567,14,10,255,93.0317,13.8095,0,39.5031,6.89135,1, "2021-08-06 [오후 1:30:06]: no comment"
"C:\Users\user\Desktop\210806\P14\DH5a_P14(2)_R.png", 1,210.5,1149,1,0,1,476,12,8,255,75.7668,11.1618,0,34.7612,6.16626,1, "2021-08-06 [오후 1:30:06]: no comment"
"C:\Users\user\Desktop\210806\P14\DH5a_P14(2)_R.png", 1,1251,1109,1,0,1,189,8,10,255,72.963,10.7354,0,20.9455,4.06264,1, "2021-08-06 [오후 1:30:06]: no comment"
"C:\Users\user\Desktop\210806\P14\DH5a_P14(2)_R.png", 1,1230.5,1104.5,1,0,1,317,10,8,255,69.0915,10.1735,0,26.6087,4.90561,1, "2021-08-06 [오후 1:30:06]: no comment"
"C:\Users\user\Desktop\210806\P14\DH5a_P14(2)_R.png", 1,1016,1068,1,0,1,300,11,8,255,55.1,8.00333,0,21.5588,4.17437,1, "2021-08-06 [오후 1:30:06]: no comment"
"C:\Users\user\Desktop\210806\P14\DH5a_P14(2)_R.png", 1,866.776,1057.69,1,0,1,350,11,10,255,59.0914,8.62571,0,22.7624,4.32693,1, "2021-08-06 [오후 1:30:06]: no comment"
"C:\Users\user\Desktop\210806\P14\DH5a_P14(2)_R.png", 1,991.2,1028.9,1,0,1,312,11,8,255,63.8205,9.36218,0,25.2315,4.69428,1, "2021-08-06 [오후 1:30:06]: no comment"
"C:\Users\user\Desktop\210806\P14\DH5a_P14(2)_R.png", 1,864.25,1024.25,1,0,1,445,13,10,255,105.861,15.791,0,33.9389,6.02121,1, "2021-08-06 [오후 1:30:06]: no comment"
"C:\Users\user\Desktop\210806\P14\DH5a_P14(2)_R.png", 1,1333.5,1017.5,1,0,1,299,10,10,255,51.8261,7.53512,0,20.2641,3.95585,1, "2021-08-06 [오후 1:30:06]: no comment"
"C:\Users\user\Desktop\210806\P14\DH5a_P14(2)_R.png", 1,626.12,1012.84,1,0,1,519,13,8,255,70.7592,10.422,0,30.9484,5.56311,1, "2021-08-06 [오후 1:30:06]: no comment"
"C:\Users\user\Desktop\210806\P14\DH5a_P14(2)_R.png", 1,834,991.5,1,0,1,395,12,8,255,69.3646,10.1924,0,29.2685,5.32636,1, "2021-08-06 [오후 1:30:06]: no comment"
"C:\Users\user\Desktop\210806\P14\DH5a_P14(2)_R.png", 1,977.75,977.25,1,0,1,443,12,8,255,69.8826,10.2912,0,29.7238,5.3838,1, "2021-08-06 [오후 1:30:06]: no comment"
"C:\Users\user\Desktop\210806\P14\DH5a_P14(2)_R.png", 1,1142.5,950.5,1,0,1,418,12,10,255,72.7081,10.7057,0,28.7701,5.26873,1, "2021-08-06 [오후 1:30:06]: no comment"
"C:\Users\user\Desktop\210806\P14\DH5a_P14(2)_R.png", 1,1082.5,944,1,0,1,417,12,8,255,70.6547,10.4221,0,28.8845,5.22387,1, "2021-08-06 [오후 1:30:06]: no comment"
"C:\Users\user\Desktop\210806\P14\DH5a_P14(2)_R.png", 1,850.5,945.5,1,0,1,516,13,10,255,78.4205,11.5833,0,34.2629,6.08635,1, "2021-08-06 [오후 1:30:06]: no comment"
"C:\Users\user\Desktop\210806\P14\DH5a_P14(2)_R.png", 1,1144.1,917.2,1,0,1,475,13,8,255,76.6126,11.2758,0,31.0958,5.58255,1, "2021-08-06 [오후 1:30:06]: no comment"
"C:\Users\user\Desktop\210806\P14\DH5a_P14(2)_R.png", 1,1618.6,899.8,1,0,1,122,7,8,255,30.6311,4.29508,0,7.98852,2.12124,1, "2021-08-06 [오후 1:30:06]: no comment"
"C:\Users\user\Desktop\210806\P14\DH5a_P14(2)_R.png", 1,814,891,1,0,1,282,10,8,255,57.1383,8.30496,0,20.9149,4.05143,1, "2021-08-06 [오후 1:30:06]: no comment"
"C:\Users\user\Desktop\210806\P14\DH5a_P14(2)_R.png", 1,792.423,890.885,1,0,1,378,12,10,255,65.0926,9.56878,0,26.441,4.90655,1, "2021-08-06 [오후 1:30:06]: no comment"
"C:\Users\user\Desktop\210806\P14\DH5a_P14(2)_R.png", 1,1171,888.5,1,0,1,424,12,8,255,62.2005,9.08491,0,24.3671,4.59538,1, "2021-08-06 [오후 1:30:06]: no comment"
"C:\Users\user\Desktop\210806\P14\DH5a_P14(2)_R.png", 1,1103.69,882.461,1,0,1,170,8,8,255,32.0529,4.49412,0,8.54458,2.19433,1, "2021-08-06 [오후 1:30:06]: no comment"
"C:\Users\user\Desktop\210806\P14\DH5a_P14(2)_R.png", 1,1083.5,863,1,0,1,210,9,10,255,40.2381,5.7381,0,11.7314,2.64548,1, "2021-08-06 [오후 1:30:06]: no comment"
"C:\Users\user\Desktop\210806\P14\DH5a_P14(2)_R.png", 1,549,863,1,0,1,472,12,8,255,62.8559,9.18644,0,25.8237,4.7983,1, "2021-08-06 [오후 1:30:06]: no comment"
"C:\Users\user\Desktop\210806\P14\DH5a_P14(2)_R.png", 1,1053,855.5,1,0,1,189,9,8,255,46.9683,6.7619,0,12.1497,2.71869,1, "2021-08-06 [오후 1:30:06]: no comment"
"C:\Users\user\Desktop\210806\P14\DH5a_P14(2)_R.png", 1,1612.5,842.5,1,0,1,142,7,8,255,81.5845,12.0563,0,36.3894,6.40315,1, "2021-08-06 [오후 1:30:06]: no comment"
"C:\Users\user\Desktop\210806\P14\DH5a_P14(2)_R.png", 1,1048.25,836.75,1,0,1,314,11,8,255,63.1975,9.24204,0,23.6019,4.48134,1, "2021-08-06 [오후 1:30:06]: no comment"
"C:\Users\user\Desktop\210806\P14\DH5a_P14(2)_R.png", 1,1548.15,835.892,1,0,1,372,12,8,255,74.8145,11.0323,0,29.7852,5.41333,1, "2021-08-06 [오후 1:30:06]: no comment"
"C:\Users\user\Desktop\210806\P14\DH5a_P14(2)_R.png", 1,1585.31,829.961,1,0,1,363,11,8,255,67.9477,10.0138,0,28.0499,5.09021,1, "2021-08-06 [오후 1:30:06]: no comment"
"C:\Users\user\Desktop\210806\P14\DH5a_P14(2)_R.png", 1,1137,821,1,0,1,66,5,8,255,27.9545,3.86364,0,4.66983,1.69383,1, "2021-08-06 [오후 1:30:06]: no comment"
"C:\Users\user\Desktop\210806\P14\DH5a_P14(2)_R.png", 1,1379.75,812.25,1,0,1,524,13,10,255,77.9981,11.5038,0,34.3274,6.11714,1, "2021-08-06 [오후 1:30:06]: no comment"
"C:\Users\user\Desktop\210806\P14\DH5a_P14(2)_R.png", 1,1090.5,802.5,1,0,1,134,7,8,255,36.6119,5.1791,0,10.1414,2.44476,1, "2021-08-06 [오후 1:30:06]: no comment"
"C:\Users\user\Desktop\210806\P14\DH5a_P14(2)_R.png", 1,1120.5,799,1,0,1,519,13,8,255,75.4085,11.1156,0,32.3603,5.77652,1, "2021-08-06 [오후 1:30:06]: no comment"
"C:\Users\user\Desktop\210806\P14\DH5a_P14(2)_R.png", 1,889,749.5,1,0,1,392,12,8,255,69.6071,10.2423,0,27.9513,5.11381,1, "2021-08-06 [오후 1:30:06]: no comment"
"C:\Users\user\Desktop\210806\P14\DH5a_P14(2)_R.png", 1,258.15,748.45,1,0,1,388,12,8,255,64.2784,9.40206,0,27.1292,4.99396,1, "2021-08-06 [오후 1:30:06]: no comment"
"C:\Users\user\Desktop\210806\P14\DH5a_P14(2)_R.png", 1,1106.5,732.5,1,0,1,348,11,8,255,56.3592,8.18966,0,22.3045,4.25959,1, "2021-08-06 [오후 1:30:06]: no comment"
"C:\Users\user\Desktop\210806\P14\DH5a_P14(2)_R.png", 1,900,723,1,0,1,641,16,8,255,90.0702,13.3479,0,38.1049,6.68593,1, "2021-08-06 [오후 1:30:06]: no comment"
"C:\Users\user\Desktop\210806\P14\DH5a_P14(2)_R.png", 1,446.9,719.3,1,0,1,487,13,8,255,69.0164,10.1478,0,30.182,5.48803,1, "2021-08-06 [오후 1:30:06]: no comment"
"C:\Users\user\Desktop\210806\P14\DH5a_P14(2)_R.png", 1,1443,700,1,0,1,480,13,8,255,74.775,11.0229,0,33.3058,5.94527,1, "2021-08-06 [오후 1:30:06]: no comment"
"C:\Users\user\Desktop\210806\P14\DH5a_P14(2)_R.png", 1,1178,662.5,1,0,1,517,13,10,255,79.7253,11.7872,0,36.0536,6.35736,1, "2021-08-06 [오후 1:30:06]: no comment"
"C:\Users\user\Desktop\210806\P14\DH5a_P14(2)_R.png", 1,1085.55,640.188,1,0,1,475,13,8,255,74.0232,10.8821,0,30.4573,5.52674,1, "2021-08-06 [오후 1:30:06]: no comment"
"C:\Users\user\Desktop\210806\P14\DH5a_P14(2)_R.png", 1,1170.75,629.25,1,0,1,234,9,8,255,42.7778,6.08974,0,14.024,2.96673,1, "2021-08-06 [오후 1:30:06]: no comment"
"C:\Users\user\Desktop\210806\P14\DH5a_P14(2)_R.png", 1,1105,622,1,0,1,348,11,8,255,66.6092,9.75287,0,24.6196,4.63442,1, "2021-08-06 [오후 1:30:06]: no comment"
"C:\Users\user\Desktop\210806\P14\DH5a_P14(2)_R.png", 1,1107.1,581.8,1,0,1,484,13,8,255,70.0847,10.3017,0,29.4325,5.32032,1, "2021-08-06 [오후 1:30:06]: no comment"
"C:\Users\user\Desktop\210806\P14\DH5a_P14(2)_R.png", 1,933.5,582.5,1,0,1,546,14,8,255,81.6667,12.0788,0,35.5351,6.28624,1, "2021-08-06 [오후 1:30:06]: no comment"
"C:\Users\user\Desktop\210806\P14\DH5a_P14(2)_R.png", 1,388,572,1,0,1,411,12,8,255,61.3333,8.93917,0,26.0034,4.82827,1, "2021-08-06 [오후 1:30:06]: no comment"
"C:\Users\user\Desktop\210806\P14\DH5a_P14(2)_R.png", 1,737.7,563.4,1,0,1,458,13,10,255,65.8144,9.64192,0,27.93,5.11708,1, "2021-08-06 [오후 1:30:06]: no comment"
"C:\Users\user\Desktop\210806\P14\DH5a_P14(2)_R.png", 1,1743,554,1,0,1,278,10,8,255,83.0612,12.2878,0,32.4176,5.80219,1, "2021-08-06 [오후 1:30:06]: no comment"
"C:\Users\user\Desktop\210806\P14\DH5a_P14(2)_R.png", 1,893,558,1,0,1,638,15,8,255,86.9718,12.9044,0,39.4918,6.87636,1, "2021-08-06 [오후 1:30:06]: no comment"
"C:\Users\user\Desktop\210806\P14\DH5a_P14(2)_R.png", 1,1045,522.5,1,0,1,399,11,8,255,59.7719,8.72682,0,24.501,4.60771,1, "2021-08-06 [오후 1:30:06]: no comment"
"C:\Users\user\Desktop\210806\P14\DH5a_P14(2)_R.png", 1,1233.25,511.25,1,0,1,479,13,8,255,75.6242,11.1357,0,32.5065,5.81043,1, "2021-08-06 [오후 1:30:06]: no comment"
"C:\Users\user\Desktop\210806\P14\DH5a_P14(2)_R.png", 1,161.5,506.5,1,0,1,536,13,8,255,73.9664,10.9123,0,33.2244,5.89991,1, "2021-08-06 [오후 1:30:06]: no comment"
"C:\Users\user\Desktop\210806\P14\DH5a_P14(2)_R.png", 1,1252.5,484,1,0,1,324,11,8,255,58.2284,8.49383,0,22.718,4.33564,1, "2021-08-06 [오후 1:30:06]: no comment"
"C:\Users\user\Desktop\210806\P14\DH5a_P14(2)_R.png", 1,789.35,471.95,1,0,1,462,13,8,255,67.4978,9.91558,0,29.8246,5.39591,1, "2021-08-06 [오후 1:30:06]: no comment"
"C:\Users\user\Desktop\210806\P14\DH5a_P14(2)_R.png", 1,271.038,407.692,1,0,1,468,13,10,255,65.3013,9.56838,0,28.1183,5.15223,1, "2021-08-06 [오후 1:30:06]: no comment"
"C:\Users\user\Desktop\210806\P14\DH5a_P14(2)_R.png", 1,933.1,391.7,1,0,1,351,11,8,255,64.7493,9.47293,0,25.1449,4.69858,1, "2021-08-06 [오후 1:30:06]: no comment"
"C:\Users\user\Desktop\210806\P14\DH5a_P14(2)_R.png", 1,919.912,371.353,1,0,1,360,11,10,255,71.6361,10.5556,0,29.4222,5.35854,1, "2021-08-06 [오후 1:30:06]: no comment"
"C:\Users\user\Desktop\210806\P14\DH5a_P14(2)_R.png", 1,909.5,232.5,1,0,1,161,7,8,255,33.5155,4.67702,0,9.09732,2.27373,1, "2021-08-06 [오후 1:30:06]: no comment"
"C:\Users\user\Desktop\210806\P14\DH5a_P14(2)_R.png", 1,925.6,172.8,1,0,1,581,14,10,255,91.6781,13.6076,0,43.895,7.54766,1, "2021-08-06 [오후 1:30:06]: no comment"
